time,f,e,pload,pmec,pinert,prim,psec0.000000e+00,1.000000e+00,1.000000e+00,5.000000e-01,5.000000e-01,-0.000000e+00,0.000000e+00,0.000000e+00
2.009509e-05,1.000000e+00,1.000000e+00,5.000000e-01,5.000000e-01,-0.000000e+00,0.000000e+00,0.000000e+00
1.205705e-04,1.000000e+00,1.000000e+00,5.000000e-01,5.000000e-01,-0.000000e+00,0.000000e+00,0.000000e+00
6.229478e-04,1.000000e+00,1.000000e+00,5.000000e-01,5.000000e-01,-0.000000e+00,0.000000e+00,0.000000e+00
3.134834e-03,1.000000e+00,1.000000e+00,5.000000e-01,5.000000e-01,-0.000000e+00,0.000000e+00,0.000000e+00
1.569427e-02,1.000000e+00,1.000000e+00,5.000000e-01,5.000000e-01,-0.000000e+00,0.000000e+00,0.000000e+00
7.849143e-02,1.000000e+00,1.000000e+00,5.000000e-01,5.000000e-01,-0.000000e+00,0.000000e+00,0.000000e+00
1.784914e-01,1.000000e+00,1.000000e+00,5.000000e-01,5.000000e-01,-0.000000e+00,0.000000e+00,0.000000e+00
2.784914e-01,1.000000e+00,1.000000e+00,5.000000e-01,5.000000e-01,-0.000000e+00,0.000000e+00,0.000000e+00
3.784914e-01,1.000000e+00,1.000000e+00,5.000000e-01,5.000000e-01,-0.000000e+00,0.000000e+00,0.000000e+00
4.784914e-01,1.000000e+00,1.000000e+00,5.000000e-01,5.000000e-01,-0.000000e+00,0.000000e+00,0.000000e+00
5.784914e-01,1.000000e+00,1.000000e+00,5.000000e-01,5.000000e-01,-0.000000e+00,0.000000e+00,0.000000e+00
6.784914e-01,1.000000e+00,1.000000e+00,5.000000e-01,5.000000e-01,-0.000000e+00,0.000000e+00,0.000000e+00
7.784914e-01,1.000000e+00,1.000000e+00,5.000000e-01,5.000000e-01,-0.000000e+00,0.000000e+00,0.000000e+00
8.784914e-01,1.000000e+00,1.000000e+00,5.000000e-01,5.000000e-01,-0.000000e+00,0.000000e+00,0.000000e+00
9.784914e-01,1.000000e+00,1.000000e+00,5.000000e-01,5.000000e-01,-0.000000e+00,0.000000e+00,0.000000e+00
1.078491e+00,1.000000e+00,1.000000e+00,5.000000e-01,5.000000e-01,-0.000000e+00,0.000000e+00,0.000000e+00
1.178491e+00,1.000000e+00,1.000000e+00,5.000000e-01,5.000000e-01,-0.000000e+00,0.000000e+00,0.000000e+00
1.278491e+00,1.000000e+00,1.000000e+00,5.000000e-01,5.000000e-01,-0.000000e+00,0.000000e+00,0.000000e+00
1.378491e+00,1.000000e+00,1.000000e+00,5.000000e-01,5.000000e-01,-0.000000e+00,0.000000e+00,0.000000e+00
1.478491e+00,1.000000e+00,1.000000e+00,5.000000e-01,5.000000e-01,-0.000000e+00,0.000000e+00,0.000000e+00
1.578491e+00,1.000000e+00,1.000000e+00,5.000000e-01,5.000000e-01,-0.000000e+00,0.000000e+00,0.000000e+00
1.678491e+00,1.000000e+00,1.000000e+00,5.000000e-01,5.000000e-01,-0.000000e+00,0.000000e+00,0.000000e+00
1.778491e+00,1.000000e+00,1.000000e+00,5.000000e-01,5.000000e-01,-0.000000e+00,0.000000e+00,0.000000e+00
1.878491e+00,1.000000e+00,1.000000e+00,5.000000e-01,5.000000e-01,-0.000000e+00,0.000000e+00,0.000000e+00
1.978491e+00,1.000000e+00,1.000000e+00,5.000000e-01,5.000000e-01,-0.000000e+00,0.000000e+00,0.000000e+00
2.078491e+00,1.000000e+00,1.000000e+00,5.000000e-01,5.000000e-01,-0.000000e+00,0.000000e+00,0.000000e+00
2.178491e+00,1.000000e+00,1.000000e+00,5.000000e-01,5.000000e-01,-0.000000e+00,0.000000e+00,0.000000e+00
2.278491e+00,1.000000e+00,1.000000e+00,5.000000e-01,5.000000e-01,-0.000000e+00,0.000000e+00,0.000000e+00
2.378491e+00,1.000000e+00,1.000000e+00,5.000000e-01,5.000000e-01,-0.000000e+00,0.000000e+00,0.000000e+00
2.478491e+00,1.000000e+00,1.000000e+00,5.000000e-01,5.000000e-01,-0.000000e+00,0.000000e+00,0.000000e+00
2.578491e+00,1.000000e+00,1.000000e+00,5.000000e-01,5.000000e-01,-0.000000e+00,0.000000e+00,0.000000e+00
2.678491e+00,1.000000e+00,1.000000e+00,5.000000e-01,5.000000e-01,-0.000000e+00,0.000000e+00,0.000000e+00
2.778491e+00,1.000000e+00,1.000000e+00,5.000000e-01,5.000000e-01,-0.000000e+00,0.000000e+00,0.000000e+00
2.878491e+00,1.000000e+00,1.000000e+00,5.000000e-01,5.000000e-01,-0.000000e+00,0.000000e+00,0.000000e+00
2.978491e+00,1.000000e+00,1.000000e+00,5.000000e-01,5.000000e-01,-0.000000e+00,0.000000e+00,0.000000e+00
3.078491e+00,1.000000e+00,1.000000e+00,5.000000e-01,5.000000e-01,-0.000000e+00,0.000000e+00,0.000000e+00
3.178491e+00,1.000000e+00,1.000000e+00,5.000000e-01,5.000000e-01,-0.000000e+00,0.000000e+00,0.000000e+00
3.278491e+00,1.000000e+00,1.000000e+00,5.000000e-01,5.000000e-01,-0.000000e+00,0.000000e+00,0.000000e+00
3.378491e+00,1.000000e+00,1.000000e+00,5.000000e-01,5.000000e-01,-0.000000e+00,0.000000e+00,0.000000e+00
3.478491e+00,1.000000e+00,1.000000e+00,5.000000e-01,5.000000e-01,-0.000000e+00,0.000000e+00,0.000000e+00
3.578491e+00,1.000000e+00,1.000000e+00,5.000000e-01,5.000000e-01,-0.000000e+00,0.000000e+00,0.000000e+00
3.678491e+00,1.000000e+00,1.000000e+00,5.000000e-01,5.000000e-01,-0.000000e+00,0.000000e+00,0.000000e+00
3.778491e+00,1.000000e+00,1.000000e+00,5.000000e-01,5.000000e-01,-0.000000e+00,0.000000e+00,0.000000e+00
3.878491e+00,1.000000e+00,1.000000e+00,5.000000e-01,5.000000e-01,-0.000000e+00,0.000000e+00,0.000000e+00
3.978491e+00,1.000000e+00,1.000000e+00,5.000000e-01,5.000000e-01,-0.000000e+00,0.000000e+00,0.000000e+00
4.078491e+00,1.000000e+00,1.000000e+00,5.000000e-01,5.000000e-01,-0.000000e+00,0.000000e+00,0.000000e+00
4.178491e+00,1.000000e+00,1.000000e+00,5.000000e-01,5.000000e-01,-0.000000e+00,0.000000e+00,0.000000e+00
4.278491e+00,1.000000e+00,1.000000e+00,5.000000e-01,5.000000e-01,-0.000000e+00,0.000000e+00,0.000000e+00
4.378491e+00,1.000000e+00,1.000000e+00,5.000000e-01,5.000000e-01,-0.000000e+00,0.000000e+00,0.000000e+00
4.478491e+00,1.000000e+00,1.000000e+00,5.000000e-01,5.000000e-01,-0.000000e+00,0.000000e+00,0.000000e+00
4.578491e+00,1.000000e+00,1.000000e+00,5.000000e-01,5.000000e-01,-0.000000e+00,0.000000e+00,0.000000e+00
4.678491e+00,1.000000e+00,1.000000e+00,5.000000e-01,5.000000e-01,-0.000000e+00,0.000000e+00,0.000000e+00
4.778491e+00,1.000000e+00,1.000000e+00,5.000000e-01,5.000000e-01,-0.000000e+00,0.000000e+00,0.000000e+00
4.878491e+00,1.000000e+00,1.000000e+00,5.000000e-01,5.000000e-01,-0.000000e+00,0.000000e+00,0.000000e+00
4.978491e+00,1.000000e+00,1.000000e+00,5.000000e-01,5.000000e-01,-0.000000e+00,0.000000e+00,0.000000e+00
5.078491e+00,1.000000e+00,1.000000e+00,5.000000e-01,5.000000e-01,-0.000000e+00,0.000000e+00,0.000000e+00
5.178491e+00,1.000000e+00,1.000000e+00,5.000000e-01,5.000000e-01,-0.000000e+00,0.000000e+00,0.000000e+00
5.278491e+00,1.000000e+00,1.000000e+00,5.000000e-01,5.000000e-01,-0.000000e+00,0.000000e+00,0.000000e+00
5.378491e+00,1.000000e+00,1.000000e+00,5.000000e-01,5.000000e-01,-0.000000e+00,0.000000e+00,0.000000e+00
5.478491e+00,1.000000e+00,1.000000e+00,5.000000e-01,5.000000e-01,-0.000000e+00,0.000000e+00,0.000000e+00
5.578491e+00,1.000000e+00,1.000000e+00,5.000000e-01,5.000000e-01,-0.000000e+00,0.000000e+00,0.000000e+00
5.678491e+00,1.000000e+00,1.000000e+00,5.000000e-01,5.000000e-01,-0.000000e+00,0.000000e+00,0.000000e+00
5.778491e+00,1.000000e+00,1.000000e+00,5.000000e-01,5.000000e-01,-0.000000e+00,0.000000e+00,0.000000e+00
5.878491e+00,1.000000e+00,1.000000e+00,5.000000e-01,5.000000e-01,-0.000000e+00,0.000000e+00,0.000000e+00
5.978491e+00,1.000000e+00,1.000000e+00,5.000000e-01,5.000000e-01,-0.000000e+00,0.000000e+00,0.000000e+00
6.078491e+00,1.000000e+00,1.000000e+00,5.000000e-01,5.000000e-01,-0.000000e+00,0.000000e+00,0.000000e+00
6.178491e+00,1.000000e+00,1.000000e+00,5.000000e-01,5.000000e-01,-0.000000e+00,0.000000e+00,0.000000e+00
6.278491e+00,1.000000e+00,1.000000e+00,5.000000e-01,5.000000e-01,-0.000000e+00,0.000000e+00,0.000000e+00
6.378491e+00,1.000000e+00,1.000000e+00,5.000000e-01,5.000000e-01,-0.000000e+00,0.000000e+00,0.000000e+00
6.478491e+00,1.000000e+00,1.000000e+00,5.000000e-01,5.000000e-01,-0.000000e+00,0.000000e+00,0.000000e+00
6.578491e+00,1.000000e+00,1.000000e+00,5.000000e-01,5.000000e-01,-0.000000e+00,0.000000e+00,0.000000e+00
6.678491e+00,1.000000e+00,1.000000e+00,5.000000e-01,5.000000e-01,-0.000000e+00,0.000000e+00,0.000000e+00
6.778491e+00,1.000000e+00,1.000000e+00,5.000000e-01,5.000000e-01,-0.000000e+00,0.000000e+00,0.000000e+00
6.878491e+00,1.000000e+00,1.000000e+00,5.000000e-01,5.000000e-01,-0.000000e+00,0.000000e+00,0.000000e+00
6.978491e+00,1.000000e+00,1.000000e+00,5.000000e-01,5.000000e-01,-0.000000e+00,0.000000e+00,0.000000e+00
7.078491e+00,1.000000e+00,1.000000e+00,5.000000e-01,5.000000e-01,-0.000000e+00,0.000000e+00,0.000000e+00
7.178491e+00,1.000000e+00,1.000000e+00,5.000000e-01,5.000000e-01,-0.000000e+00,0.000000e+00,0.000000e+00
7.278491e+00,1.000000e+00,1.000000e+00,5.000000e-01,5.000000e-01,-0.000000e+00,0.000000e+00,0.000000e+00
7.378491e+00,1.000000e+00,1.000000e+00,5.000000e-01,5.000000e-01,-0.000000e+00,0.000000e+00,0.000000e+00
7.478491e+00,1.000000e+00,1.000000e+00,5.000000e-01,5.000000e-01,-0.000000e+00,0.000000e+00,0.000000e+00
7.578491e+00,1.000000e+00,1.000000e+00,5.000000e-01,5.000000e-01,-0.000000e+00,0.000000e+00,0.000000e+00
7.678491e+00,1.000000e+00,1.000000e+00,5.000000e-01,5.000000e-01,-0.000000e+00,0.000000e+00,0.000000e+00
7.778491e+00,1.000000e+00,1.000000e+00,5.000000e-01,5.000000e-01,-0.000000e+00,0.000000e+00,0.000000e+00
7.878491e+00,1.000000e+00,1.000000e+00,5.000000e-01,5.000000e-01,-0.000000e+00,0.000000e+00,0.000000e+00
7.978491e+00,1.000000e+00,1.000000e+00,5.000000e-01,5.000000e-01,-0.000000e+00,0.000000e+00,0.000000e+00
8.078491e+00,1.000000e+00,1.000000e+00,5.000000e-01,5.000000e-01,-0.000000e+00,0.000000e+00,0.000000e+00
8.178491e+00,1.000000e+00,1.000000e+00,5.000000e-01,5.000000e-01,-0.000000e+00,0.000000e+00,0.000000e+00
8.278491e+00,1.000000e+00,1.000000e+00,5.000000e-01,5.000000e-01,-0.000000e+00,0.000000e+00,0.000000e+00
8.378491e+00,1.000000e+00,1.000000e+00,5.000000e-01,5.000000e-01,-0.000000e+00,0.000000e+00,0.000000e+00
8.478491e+00,1.000000e+00,1.000000e+00,5.000000e-01,5.000000e-01,-0.000000e+00,0.000000e+00,0.000000e+00
8.578491e+00,1.000000e+00,1.000000e+00,5.000000e-01,5.000000e-01,-0.000000e+00,0.000000e+00,0.000000e+00
8.678491e+00,1.000000e+00,1.000000e+00,5.000000e-01,5.000000e-01,-0.000000e+00,0.000000e+00,0.000000e+00
8.778491e+00,1.000000e+00,1.000000e+00,5.000000e-01,5.000000e-01,-0.000000e+00,0.000000e+00,0.000000e+00
8.878491e+00,1.000000e+00,1.000000e+00,5.000000e-01,5.000000e-01,-0.000000e+00,0.000000e+00,0.000000e+00
8.978491e+00,1.000000e+00,1.000000e+00,5.000000e-01,5.000000e-01,-0.000000e+00,0.000000e+00,0.000000e+00
9.078491e+00,1.000000e+00,1.000000e+00,5.000000e-01,5.000000e-01,-0.000000e+00,0.000000e+00,0.000000e+00
9.178491e+00,1.000000e+00,1.000000e+00,5.000000e-01,5.000000e-01,-0.000000e+00,0.000000e+00,0.000000e+00
9.278491e+00,1.000000e+00,1.000000e+00,5.000000e-01,5.000000e-01,-0.000000e+00,0.000000e+00,0.000000e+00
9.378491e+00,1.000000e+00,1.000000e+00,5.000000e-01,5.000000e-01,-0.000000e+00,0.000000e+00,0.000000e+00
9.478491e+00,1.000000e+00,1.000000e+00,5.000000e-01,5.000000e-01,-0.000000e+00,0.000000e+00,0.000000e+00
9.578491e+00,1.000000e+00,1.000000e+00,5.000000e-01,5.000000e-01,-0.000000e+00,0.000000e+00,0.000000e+00
9.678491e+00,1.000000e+00,1.000000e+00,5.000000e-01,5.000000e-01,-0.000000e+00,0.000000e+00,0.000000e+00
9.778491e+00,1.000000e+00,1.000000e+00,5.000000e-01,5.000000e-01,-0.000000e+00,0.000000e+00,0.000000e+00
9.878491e+00,1.000000e+00,1.000000e+00,5.000000e-01,5.000000e-01,-0.000000e+00,0.000000e+00,0.000000e+00
9.978491e+00,1.000000e+00,1.000000e+00,5.000000e-01,5.000000e-01,-0.000000e+00,0.000000e+00,0.000000e+00
1.000000e+01,1.000000e+00,1.000000e+00,5.000000e-01,5.000000e-01,-0.000000e+00,0.000000e+00,0.000000e+00
1.000000e+01,1.000000e+00,1.000000e+00,5.500000e-01,5.000000e-01,5.000000e-02,0.000000e+00,0.000000e+00
1.000000e+01,1.000000e+00,1.000000e+00,5.500000e-01,5.000000e-01,5.000000e-02,0.000000e+00,0.000000e+00
1.010000e+01,9.989995e-01,9.980000e-01,5.500000e-01,5.000000e-01,5.000000e-02,0.000000e+00,0.000000e+00
1.016344e+01,9.983645e-01,9.967316e-01,5.500000e-01,5.000439e-01,4.995612e-02,4.388411e-05,0.000000e+00
1.022687e+01,9.977307e-01,9.954666e-01,5.500000e-01,5.002937e-01,4.970630e-02,2.937011e-04,0.000000e+00
1.030697e+01,9.969375e-01,9.938844e-01,5.500000e-01,5.010335e-01,4.896653e-02,1.033467e-03,0.000000e+00
1.039959e+01,9.960400e-01,9.920957e-01,5.500000e-01,5.025060e-01,4.749399e-02,2.506011e-03,0.000000e+00
1.049959e+01,9.951075e-01,9.902389e-01,5.500000e-01,5.047615e-01,4.523855e-02,4.761450e-03,0.000000e+00
1.059959e+01,9.942253e-01,9.884840e-01,5.500000e-01,5.075744e-01,4.242557e-02,7.574433e-03,0.000000e+00
1.069959e+01,9.934034e-01,9.868504e-01,5.500000e-01,5.108010e-01,3.919902e-02,1.080098e-02,0.000000e+00
1.079959e+01,9.926489e-01,9.853518e-01,5.500000e-01,5.143064e-01,3.569356e-02,1.430644e-02,0.000000e+00
1.089959e+01,9.919662e-01,9.839970e-01,5.500000e-01,5.179708e-01,3.202916e-02,1.797084e-02,0.000000e+00
1.099959e+01,9.913578e-01,9.827902e-01,5.500000e-01,5.216904e-01,2.830962e-02,2.169038e-02,0.000000e+00
1.109959e+01,9.908238e-01,9.817318e-01,5.500000e-01,5.253774e-01,2.462262e-02,2.537738e-02,0.000000e+00
1.119959e+01,9.903631e-01,9.808190e-01,5.500000e-01,5.289595e-01,2.104047e-02,2.895953e-02,0.000000e+00
1.129959e+01,9.899729e-01,9.800464e-01,5.500000e-01,5.323789e-01,1.762109e-02,3.237891e-02,0.000000e+00
1.139959e+01,9.896497e-01,9.794065e-01,5.500000e-01,5.355908e-01,1.440919e-02,3.559081e-02,0.000000e+00
1.149959e+01,9.893889e-01,9.788905e-01,5.500000e-01,5.385624e-01,1.143760e-02,3.856240e-02,0.000000e+00
1.159959e+01,9.891855e-01,9.784880e-01,5.500000e-01,5.412715e-01,8.728496e-03,4.127150e-02,0.000000e+00
1.169959e+01,9.890341e-01,9.781885e-01,5.500000e-01,5.437052e-01,6.294791e-03,4.370521e-02,0.000000e+00
1.179959e+01,9.889291e-01,9.779807e-01,5.500000e-01,5.458586e-01,4.141373e-03,4.585863e-02,0.000000e+00
1.189959e+01,9.888647e-01,9.778535e-01,5.500000e-01,5.477336e-01,2.266367e-03,4.773363e-02,0.000000e+00
1.199959e+01,9.888356e-01,9.777958e-01,5.500000e-01,5.493377e-01,6.623153e-04,4.933768e-02,0.000000e+00
1.209959e+01,9.888362e-01,9.777970e-01,5.500000e-01,5.506827e-01,-6.827309e-04,5.068273e-02,0.000000e+00
1.219959e+01,9.888615e-01,9.778471e-01,5.500000e-01,5.517842e-01,-1.784196e-03,5.178420e-02,0.000000e+00
1.229959e+01,9.889068e-01,9.779368e-01,5.500000e-01,5.526601e-01,-2.660066e-03,5.266007e-02,0.000000e+00
1.239959e+01,9.889677e-01,9.780572e-01,5.500000e-01,5.533301e-01,-3.330075e-03,5.333007e-02,0.000000e+00
1.249959e+01,9.890403e-01,9.782007e-01,5.500000e-01,5.538150e-01,-3.814986e-03,5.381499e-02,0.000000e+00
1.259959e+01,9.891209e-01,9.783602e-01,5.500000e-01,5.541360e-01,-4.135979e-03,5.413598e-02,0.000000e+00
1.269959e+01,9.892066e-01,9.785297e-01,5.500000e-01,5.543141e-01,-4.314121e-03,5.431412e-02,0.000000e+00
1.279959e+01,9.892946e-01,9.787037e-01,5.500000e-01,5.543699e-01,-4.369943e-03,5.436994e-02,0.000000e+00
1.289959e+01,9.893826e-01,9.788779e-01,5.500000e-01,5.543231e-01,-4.323091e-03,5.432309e-02,0.000000e+00
1.299959e+01,9.894688e-01,9.790484e-01,5.500000e-01,5.541921e-01,-4.192054e-03,5.419205e-02,0.000000e+00
1.309959e+01,9.895516e-01,9.792124e-01,5.500000e-01,5.539940e-01,-3.993968e-03,5.399397e-02,0.000000e+00
1.319959e+01,9.896299e-01,9.793673e-01,5.500000e-01,5.537445e-01,-3.744481e-03,5.374448e-02,0.000000e+00
1.329959e+01,9.897027e-01,9.795114e-01,5.500000e-01,5.534577e-01,-3.457673e-03,5.345767e-02,0.000000e+00
1.339959e+01,9.897694e-01,9.796436e-01,5.500000e-01,5.531460e-01,-3.146017e-03,5.314602e-02,0.000000e+00
1.349959e+01,9.898297e-01,9.797629e-01,5.500000e-01,5.528204e-01,-2.820394e-03,5.282039e-02,0.000000e+00
1.359959e+01,9.898834e-01,9.798691e-01,5.500000e-01,5.524901e-01,-2.490127e-03,5.249013e-02,0.000000e+00
1.369959e+01,9.899304e-01,9.799622e-01,5.500000e-01,5.521630e-01,-2.163049e-03,5.216305e-02,0.000000e+00
1.379959e+01,9.899709e-01,9.800423e-01,5.500000e-01,5.518456e-01,-1.845589e-03,5.184559e-02,0.000000e+00
1.389959e+01,9.900051e-01,9.801100e-01,5.500000e-01,5.515429e-01,-1.542876e-03,5.154288e-02,0.000000e+00
1.399959e+01,9.900333e-01,9.801660e-01,5.500000e-01,5.512589e-01,-1.258850e-03,5.125885e-02,0.000000e+00
1.409959e+01,9.900561e-01,9.802110e-01,5.500000e-01,5.509964e-01,-9.963810e-04,5.099638e-02,0.000000e+00
1.419959e+01,9.900737e-01,9.802460e-01,5.500000e-01,5.507574e-01,-7.573897e-04,5.075739e-02,0.000000e+00
1.429959e+01,9.900868e-01,9.802719e-01,5.500000e-01,5.505430e-01,-5.429696e-04,5.054297e-02,0.000000e+00
1.439959e+01,9.900958e-01,9.802898e-01,5.500000e-01,5.503535e-01,-3.535036e-04,5.035350e-02,0.000000e+00
1.449959e+01,9.901013e-01,9.803005e-01,5.500000e-01,5.501888e-01,-1.887780e-04,5.018878e-02,0.000000e+00
1.459959e+01,9.901036e-01,9.803052e-01,5.500000e-01,5.500481e-01,-4.808775e-05,5.004809e-02,0.000000e+00
1.469959e+01,9.901034e-01,9.803047e-01,5.500000e-01,5.499303e-01,6.966387e-05,4.993034e-02,0.000000e+00
1.479959e+01,9.901010e-01,9.802999e-01,5.500000e-01,5.498341e-01,1.658756e-04,4.983412e-02,0.000000e+00
1.489959e+01,9.900968e-01,9.802917e-01,5.500000e-01,5.497578e-01,2.421669e-04,4.975783e-02,0.000000e+00
1.499959e+01,9.900913e-01,9.802808e-01,5.500000e-01,5.496997e-01,3.003057e-04,4.969969e-02,0.000000e+00
1.509959e+01,9.900848e-01,9.802679e-01,5.500000e-01,5.496579e-01,3.421452e-04,4.965785e-02,0.000000e+00
1.519959e+01,9.900776e-01,9.802536e-01,5.500000e-01,5.496304e-01,3.695705e-04,4.963043e-02,0.000000e+00
1.529959e+01,9.900699e-01,9.802385e-01,5.500000e-01,5.496155e-01,3.844524e-04,4.961555e-02,0.000000e+00
1.539959e+01,9.900621e-01,9.802230e-01,5.500000e-01,5.496114e-01,3.886103e-04,4.961139e-02,0.000000e+00
1.549959e+01,9.900543e-01,9.802075e-01,5.500000e-01,5.496162e-01,3.837822e-04,4.961622e-02,0.000000e+00
1.559959e+01,9.900467e-01,9.801924e-01,5.500000e-01,5.496284e-01,3.716013e-04,4.962840e-02,0.000000e+00
1.569959e+01,9.900393e-01,9.801779e-01,5.500000e-01,5.496464e-01,3.535795e-04,4.964642e-02,0.000000e+00
1.579959e+01,9.900324e-01,9.801642e-01,5.500000e-01,5.496689e-01,3.310953e-04,4.966890e-02,0.000000e+00
1.589959e+01,9.900260e-01,9.801514e-01,5.500000e-01,5.496946e-01,3.053878e-04,4.969461e-02,0.000000e+00
1.599959e+01,9.900201e-01,9.801398e-01,5.500000e-01,5.497224e-01,2.775534e-04,4.972245e-02,0.000000e+00
1.609959e+01,9.900148e-01,9.801292e-01,5.500000e-01,5.497515e-01,2.485474e-04,4.975145e-02,0.000000e+00
1.619959e+01,9.900100e-01,9.801199e-01,5.500000e-01,5.497808e-01,2.191871e-04,4.978081e-02,0.000000e+00
1.629959e+01,9.900059e-01,9.801117e-01,5.500000e-01,5.498098e-01,1.901583e-04,4.980984e-02,0.000000e+00
1.639959e+01,9.900023e-01,9.801047e-01,5.500000e-01,5.498380e-01,1.620228e-04,4.983798e-02,0.000000e+00
1.649959e+01,9.899993e-01,9.800987e-01,5.500000e-01,5.498648e-01,1.352279e-04,4.986477e-02,0.000000e+00
1.659959e+01,9.899969e-01,9.800938e-01,5.500000e-01,5.498899e-01,1.101160e-04,4.988988e-02,0.000000e+00
1.669959e+01,9.899949e-01,9.800899e-01,5.500000e-01,5.499131e-01,8.693535e-05,4.991306e-02,0.000000e+00
1.679959e+01,9.899933e-01,9.800868e-01,5.500000e-01,5.499341e-01,6.585089e-05,4.993415e-02,0.000000e+00
1.689959e+01,9.899922e-01,9.800846e-01,5.500000e-01,5.499530e-01,4.695471e-05,4.995305e-02,0.000000e+00
1.699959e+01,9.899914e-01,9.800830e-01,5.500000e-01,5.499697e-01,3.027666e-05,4.996972e-02,0.000000e+00
1.709959e+01,9.899910e-01,9.800821e-01,5.500000e-01,5.499842e-01,1.579422e-05,4.998421e-02,0.000000e+00
1.719959e+01,9.899908e-01,9.800818e-01,5.500000e-01,5.499966e-01,3.441963e-06,4.999656e-02,0.000000e+00
1.729959e+01,9.899908e-01,9.800818e-01,5.500000e-01,5.500069e-01,-6.879789e-06,5.000688e-02,0.000000e+00
1.739959e+01,9.899910e-01,9.800823e-01,5.500000e-01,5.500153e-01,-1.529699e-05,5.001530e-02,0.000000e+00
1.749959e+01,9.899914e-01,9.800830e-01,5.500000e-01,5.500220e-01,-2.195470e-05,5.002195e-02,0.000000e+00
1.759959e+01,9.899919e-01,9.800840e-01,5.500000e-01,5.500270e-01,-2.701078e-05,5.002701e-02,0.000000e+00
1.769959e+01,9.899925e-01,9.800852e-01,5.500000e-01,5.500306e-01,-3.063030e-05,5.003063e-02,0.000000e+00
1.779959e+01,9.899932e-01,9.800864e-01,5.500000e-01,5.500330e-01,-3.298083e-05,5.003298e-02,0.000000e+00
1.789959e+01,9.899938e-01,9.800878e-01,5.500000e-01,5.500342e-01,-3.422843e-05,5.003423e-02,0.000000e+00
1.799959e+01,9.899945e-01,9.800892e-01,5.500000e-01,5.500345e-01,-3.453438e-05,5.003453e-02,0.000000e+00
1.809959e+01,9.899952e-01,9.800905e-01,5.500000e-01,5.500341e-01,-3.405253e-05,5.003405e-02,0.000000e+00
1.819959e+01,9.899959e-01,9.800919e-01,5.500000e-01,5.500329e-01,-3.292734e-05,5.003293e-02,0.000000e+00
1.829959e+01,9.899966e-01,9.800932e-01,5.500000e-01,5.500313e-01,-3.129234e-05,5.003129e-02,0.000000e+00
1.839959e+01,9.899972e-01,9.800944e-01,5.500000e-01,5.500293e-01,-2.926919e-05,5.002927e-02,0.000000e+00
1.849959e+01,9.899977e-01,9.800955e-01,5.500000e-01,5.500270e-01,-2.696711e-05,5.002697e-02,0.000000e+00
1.859959e+01,9.899983e-01,9.800965e-01,5.500000e-01,5.500245e-01,-2.448265e-05,5.002448e-02,0.000000e+00
1.869959e+01,9.899987e-01,9.800975e-01,5.500000e-01,5.500219e-01,-2.189979e-05,5.002190e-02,0.000000e+00
1.879959e+01,9.899991e-01,9.800983e-01,5.500000e-01,5.500193e-01,-1.929031e-05,5.001929e-02,0.000000e+00
1.889959e+01,9.899995e-01,9.800990e-01,5.500000e-01,5.500167e-01,-1.671434e-05,5.001671e-02,0.000000e+00
1.899959e+01,9.899998e-01,9.800996e-01,5.500000e-01,5.500142e-01,-1.422105e-05,5.001422e-02,0.000000e+00
1.909959e+01,9.900001e-01,9.801001e-01,5.500000e-01,5.500118e-01,-1.184947e-05,5.001185e-02,0.000000e+00
1.919959e+01,9.900003e-01,9.801006e-01,5.500000e-01,5.500096e-01,-9.629384e-06,5.000963e-02,0.000000e+00
1.929959e+01,9.900005e-01,9.801009e-01,5.500000e-01,5.500076e-01,-7.582293e-06,5.000758e-02,0.000000e+00
1.939959e+01,9.900006e-01,9.801012e-01,5.500000e-01,5.500057e-01,-5.722338e-06,5.000572e-02,0.000000e+00
1.949959e+01,9.900007e-01,9.801014e-01,5.500000e-01,5.500041e-01,-4.057269e-06,5.000406e-02,0.000000e+00
1.959959e+01,9.900008e-01,9.801015e-01,5.500000e-01,5.500026e-01,-2.589363e-06,5.000259e-02,0.000000e+00
1.969959e+01,9.900008e-01,9.801016e-01,5.500000e-01,5.500013e-01,-1.316310e-06,5.000132e-02,0.000000e+00
1.979959e+01,9.900008e-01,9.801016e-01,5.500000e-01,5.500002e-01,-2.320426e-07,5.000023e-02,0.000000e+00
1.989959e+01,9.900008e-01,9.801016e-01,5.500000e-01,5.499993e-01,6.724959e-07,4.999933e-02,0.000000e+00
1.999959e+01,9.900008e-01,9.801016e-01,5.500000e-01,5.499986e-01,1.408648e-06,4.999859e-02,0.000000e+00
2.009959e+01,9.900008e-01,9.801015e-01,5.500000e-01,5.499980e-01,1.989410e-06,4.999801e-02,0.000000e+00
2.019959e+01,9.900007e-01,9.801014e-01,5.500000e-01,5.499976e-01,2.428877e-06,4.999757e-02,0.000000e+00
2.029959e+01,9.900007e-01,9.801013e-01,5.500000e-01,5.499973e-01,2.741753e-06,4.999726e-02,0.000000e+00
2.039959e+01,9.900006e-01,9.801012e-01,5.500000e-01,5.499971e-01,2.942932e-06,4.999706e-02,0.000000e+00
2.049959e+01,9.900005e-01,9.801011e-01,5.500000e-01,5.499970e-01,3.047155e-06,4.999695e-02,0.000000e+00
2.059959e+01,9.900005e-01,9.801010e-01,5.500000e-01,5.499969e-01,3.068713e-06,4.999693e-02,0.000000e+00
2.069959e+01,9.900004e-01,9.801008e-01,5.500000e-01,5.499970e-01,3.021228e-06,4.999698e-02,0.000000e+00
2.079959e+01,9.900004e-01,9.801007e-01,5.500000e-01,5.499971e-01,2.917469e-06,4.999708e-02,0.000000e+00
2.089959e+01,9.900003e-01,9.801006e-01,5.500000e-01,5.499972e-01,2.769233e-06,4.999723e-02,0.000000e+00
2.099959e+01,9.900002e-01,9.801005e-01,5.500000e-01,5.499974e-01,2.587252e-06,4.999741e-02,0.000000e+00
2.109959e+01,9.900002e-01,9.801004e-01,5.500000e-01,5.499976e-01,2.381151e-06,4.999762e-02,0.000000e+00
2.119959e+01,9.900002e-01,9.801003e-01,5.500000e-01,5.499978e-01,2.159427e-06,4.999784e-02,0.000000e+00
2.129959e+01,9.900001e-01,9.801002e-01,5.500000e-01,5.499981e-01,1.929466e-06,4.999807e-02,0.000000e+00
2.139959e+01,9.900001e-01,9.801001e-01,5.500000e-01,5.499983e-01,1.697568e-06,4.999830e-02,0.000000e+00
2.149959e+01,9.900000e-01,9.801001e-01,5.500000e-01,5.499985e-01,1.469005e-06,4.999853e-02,0.000000e+00
2.159959e+01,9.900000e-01,9.801000e-01,5.500000e-01,5.499988e-01,1.248077e-06,4.999875e-02,0.000000e+00
2.169959e+01,9.900000e-01,9.801000e-01,5.500000e-01,5.499990e-01,1.038189e-06,4.999896e-02,0.000000e+00
2.179959e+01,9.900000e-01,9.800999e-01,5.500000e-01,5.499992e-01,8.419334e-07,4.999916e-02,0.000000e+00
2.189959e+01,9.900000e-01,9.800999e-01,5.500000e-01,5.499993e-01,6.611684e-07,4.999934e-02,0.000000e+00
2.199959e+01,9.899999e-01,9.800999e-01,5.500000e-01,5.499995e-01,4.971065e-07,4.999950e-02,0.000000e+00
2.209959e+01,9.899999e-01,9.800999e-01,5.500000e-01,5.499996e-01,3.503979e-07,4.999965e-02,0.000000e+00
2.219959e+01,9.899999e-01,9.800999e-01,5.500000e-01,5.499998e-01,2.212122e-07,4.999978e-02,0.000000e+00
2.229959e+01,9.899999e-01,9.800999e-01,5.500000e-01,5.499999e-01,1.093170e-07,4.999989e-02,0.000000e+00
2.239959e+01,9.899999e-01,9.800999e-01,5.500000e-01,5.500000e-01,1.415098e-08,4.999999e-02,0.000000e+00
2.249959e+01,9.899999e-01,9.800999e-01,5.500000e-01,5.500001e-01,-6.510783e-08,5.000007e-02,0.000000e+00
2.259959e+01,9.899999e-01,9.800999e-01,5.500000e-01,5.500001e-01,-1.294803e-07,5.000013e-02,0.000000e+00
2.269959e+01,9.899999e-01,9.800999e-01,5.500000e-01,5.500002e-01,-1.801306e-07,5.000018e-02,0.000000e+00
2.279959e+01,9.899999e-01,9.800999e-01,5.500000e-01,5.500002e-01,-2.183169e-07,5.000022e-02,0.000000e+00
2.289959e+01,9.899999e-01,9.800999e-01,5.500000e-01,5.500002e-01,-2.453485e-07,5.000025e-02,0.000000e+00
2.299959e+01,9.899999e-01,9.800999e-01,5.500000e-01,5.500003e-01,-2.625495e-07,5.000026e-02,0.000000e+00
2.309959e+01,9.900000e-01,9.800999e-01,5.500000e-01,5.500003e-01,-2.712278e-07,5.000027e-02,0.000000e+00
2.319959e+01,9.900000e-01,9.800999e-01,5.500000e-01,5.500003e-01,-2.726501e-07,5.000027e-02,0.000000e+00
2.329959e+01,9.900000e-01,9.800999e-01,5.500000e-01,5.500003e-01,-2.680220e-07,5.000027e-02,0.000000e+00
2.339959e+01,9.900000e-01,9.800999e-01,5.500000e-01,5.500003e-01,-2.584725e-07,5.000026e-02,0.000000e+00
2.349959e+01,9.900000e-01,9.800999e-01,5.500000e-01,5.500002e-01,-2.450433e-07,5.000025e-02,0.000000e+00
2.359959e+01,9.900000e-01,9.801000e-01,5.500000e-01,5.500002e-01,-2.286813e-07,5.000023e-02,0.000000e+00
2.369959e+01,9.900000e-01,9.801000e-01,5.500000e-01,5.500002e-01,-2.102345e-07,5.000021e-02,0.000000e+00
2.379959e+01,9.900000e-01,9.801000e-01,5.500000e-01,5.500002e-01,-1.904510e-07,5.000019e-02,0.000000e+00
2.389959e+01,9.900000e-01,9.801000e-01,5.500000e-01,5.500002e-01,-1.699799e-07,5.000017e-02,0.000000e+00
2.399959e+01,9.900000e-01,9.801000e-01,5.500000e-01,5.500001e-01,-1.493743e-07,5.000015e-02,0.000000e+00
2.409959e+01,9.900000e-01,9.801000e-01,5.500000e-01,5.500001e-01,-1.290962e-07,5.000013e-02,0.000000e+00
2.419959e+01,9.900000e-01,9.801000e-01,5.500000e-01,5.500001e-01,-1.095218e-07,5.000011e-02,0.000000e+00
2.429959e+01,9.900000e-01,9.801000e-01,5.500000e-01,5.500001e-01,-9.094818e-08,5.000009e-02,0.000000e+00
2.439959e+01,9.900000e-01,9.801000e-01,5.500000e-01,5.500001e-01,-7.360056e-08,5.000007e-02,0.000000e+00
2.449959e+01,9.900000e-01,9.801000e-01,5.500000e-01,5.500001e-01,-5.763968e-08,5.000006e-02,0.000000e+00
2.459959e+01,9.900000e-01,9.801000e-01,5.500000e-01,5.500000e-01,-4.316937e-08,5.000004e-02,0.000000e+00
2.469959e+01,9.900000e-01,9.801000e-01,5.500000e-01,5.500000e-01,-3.024402e-08,5.000003e-02,0.000000e+00
2.479959e+01,9.900000e-01,9.801000e-01,5.500000e-01,5.500000e-01,-1.887583e-08,5.000002e-02,0.000000e+00
2.489959e+01,9.900000e-01,9.801000e-01,5.500000e-01,5.500000e-01,-9.041757e-09,5.000001e-02,0.000000e+00
2.499959e+01,9.900000e-01,9.801000e-01,5.500000e-01,5.500000e-01,-6.900093e-10,5.000000e-02,0.000000e+00
2.500000e+01,9.900000e-01,9.801000e-01,5.500000e-01,5.500000e-01,-6.589133e-10,5.000000e-02,0.000000e+00
2.500000e+01,9.900000e-01,9.801000e-01,5.500000e-01,5.500000e-01,-6.589133e-10,5.000000e-02,0.000000e+00
2.500000e+01,9.900000e-01,9.801000e-01,5.500000e-01,5.500000e-01,-6.589139e-10,5.000000e-02,5.684338e-16
2.510000e+01,9.900025e-01,9.801050e-01,5.500000e-01,5.502500e-01,-2.499725e-04,4.999999e-02,2.499788e-04
2.520000e+01,9.900101e-01,9.801200e-01,5.500000e-01,5.504994e-01,-4.994302e-04,4.999960e-02,4.998314e-04
2.530000e+01,9.900227e-01,9.801449e-01,5.500000e-01,5.507462e-01,-7.462437e-04,4.999681e-02,7.494318e-04
2.540000e+01,9.900402e-01,9.801796e-01,5.500000e-01,5.509867e-01,-9.867318e-04,4.998808e-02,9.986556e-04
2.550000e+01,9.900625e-01,9.802237e-01,5.500000e-01,5.512171e-01,-1.217090e-03,4.996971e-02,1.247382e-03
2.560000e+01,9.900893e-01,9.802768e-01,5.500000e-01,5.514341e-01,-1.434067e-03,4.993857e-02,1.495493e-03
2.570000e+01,9.901203e-01,9.803382e-01,5.500000e-01,5.516351e-01,-1.635135e-03,4.989225e-02,1.742882e-03
2.580000e+01,9.901552e-01,9.804074e-01,5.500000e-01,5.518185e-01,-1.818486e-03,4.982904e-02,1.989445e-03
2.590000e+01,9.901937e-01,9.804835e-01,5.500000e-01,5.519830e-01,-1.982977e-03,4.974789e-02,2.235091e-03
2.600000e+01,9.902352e-01,9.805658e-01,5.500000e-01,5.521280e-01,-2.128044e-03,4.964831e-02,2.479736e-03
2.610000e+01,9.902795e-01,9.806535e-01,5.500000e-01,5.522536e-01,-2.253628e-03,4.953032e-02,2.723308e-03
2.620000e+01,9.903261e-01,9.807458e-01,5.500000e-01,5.523601e-01,-2.360085e-03,4.939434e-02,2.965742e-03
2.630000e+01,9.903747e-01,9.808420e-01,5.500000e-01,5.524481e-01,-2.448118e-03,4.924113e-02,3.206986e-03
2.640000e+01,9.904249e-01,9.809414e-01,5.500000e-01,5.525187e-01,-2.518697e-03,4.907170e-02,3.446995e-03
2.650000e+01,9.904763e-01,9.810433e-01,5.500000e-01,5.525730e-01,-2.573001e-03,4.888727e-02,3.685732e-03
2.660000e+01,9.905287e-01,9.811471e-01,5.500000e-01,5.526124e-01,-2.612353e-03,4.868918e-02,3.923172e-03
2.670000e+01,9.905817e-01,9.812521e-01,5.500000e-01,5.526382e-01,-2.638173e-03,4.847888e-02,4.159293e-03
2.680000e+01,9.906351e-01,9.813579e-01,5.500000e-01,5.526519e-01,-2.651928e-03,4.825784e-02,4.394084e-03
2.690000e+01,9.906887e-01,9.814641e-01,5.500000e-01,5.526551e-01,-2.655096e-03,4.802756e-02,4.627536e-03
2.700000e+01,9.907423e-01,9.815702e-01,5.500000e-01,5.526491e-01,-2.649133e-03,4.778949e-02,4.859648e-03
2.710000e+01,9.907956e-01,9.816759e-01,5.500000e-01,5.526354e-01,-2.635445e-03,4.754502e-02,5.090424e-03
2.720000e+01,9.908486e-01,9.817810e-01,5.500000e-01,5.526154e-01,-2.615367e-03,4.729550e-02,5.319871e-03
2.730000e+01,9.909012e-01,9.818851e-01,5.500000e-01,5.525901e-01,-2.590148e-03,4.704215e-02,5.547997e-03
2.740000e+01,9.909531e-01,9.819881e-01,5.500000e-01,5.525609e-01,-2.560938e-03,4.678612e-02,5.774817e-03
2.750000e+01,9.910045e-01,9.820899e-01,5.500000e-01,5.525288e-01,-2.528780e-03,4.652843e-02,6.000345e-03
2.760000e+01,9.910552e-01,9.821904e-01,5.500000e-01,5.524946e-01,-2.494606e-03,4.627001e-02,6.224597e-03
2.770000e+01,9.911052e-01,9.822895e-01,5.500000e-01,5.524592e-01,-2.459239e-03,4.601165e-02,6.447591e-03
2.780000e+01,9.911545e-01,9.823871e-01,5.500000e-01,5.524234e-01,-2.423390e-03,4.575405e-02,6.669344e-03
2.790000e+01,9.912030e-01,9.824834e-01,5.500000e-01,5.523877e-01,-2.387661e-03,4.549779e-02,6.889874e-03
2.800000e+01,9.912508e-01,9.825782e-01,5.500000e-01,5.523526e-01,-2.352555e-03,4.524335e-02,7.109200e-03
2.810000e+01,9.912979e-01,9.826716e-01,5.500000e-01,5.523185e-01,-2.318478e-03,4.499114e-02,7.327339e-03
2.820000e+01,9.913444e-01,9.827637e-01,5.500000e-01,5.522858e-01,-2.285750e-03,4.474144e-02,7.544309e-03
2.830000e+01,9.913902e-01,9.828545e-01,5.500000e-01,5.522546e-01,-2.254609e-03,4.449448e-02,7.760126e-03
2.840000e+01,9.914354e-01,9.829441e-01,5.500000e-01,5.522252e-01,-2.225220e-03,4.425041e-02,7.974806e-03
2.850000e+01,9.914800e-01,9.830325e-01,5.500000e-01,5.521977e-01,-2.197689e-03,4.400933e-02,8.188363e-03
2.860000e+01,9.915240e-01,9.831199e-01,5.500000e-01,5.521721e-01,-2.172062e-03,4.377125e-02,8.400812e-03
2.870000e+01,9.915676e-01,9.832063e-01,5.500000e-01,5.521483e-01,-2.148342e-03,4.353618e-02,8.612166e-03
2.880000e+01,9.916107e-01,9.832918e-01,5.500000e-01,5.521265e-01,-2.126491e-03,4.330405e-02,8.822436e-03
2.890000e+01,9.916534e-01,9.833764e-01,5.500000e-01,5.521064e-01,-2.106439e-03,4.307481e-02,9.031634e-03
2.900000e+01,9.916957e-01,9.834603e-01,5.500000e-01,5.520881e-01,-2.088093e-03,4.284832e-02,9.239770e-03
2.910000e+01,9.917376e-01,9.835435e-01,5.500000e-01,5.520713e-01,-2.071338e-03,4.262449e-02,9.446853e-03
2.920000e+01,9.917792e-01,9.836261e-01,5.500000e-01,5.520560e-01,-2.056049e-03,4.240316e-02,9.652892e-03
2.930000e+01,9.918206e-01,9.837080e-01,5.500000e-01,5.520421e-01,-2.042088e-03,4.218419e-02,9.857894e-03
2.940000e+01,9.918616e-01,9.837894e-01,5.500000e-01,5.520293e-01,-2.029318e-03,4.196745e-02,1.006187e-02
2.950000e+01,9.919024e-01,9.838704e-01,5.500000e-01,5.520176e-01,-2.017598e-03,4.175278e-02,1.026482e-02
2.960000e+01,9.919430e-01,9.839509e-01,5.500000e-01,5.520068e-01,-2.006789e-03,4.154004e-02,1.046675e-02
2.970000e+01,9.919833e-01,9.840309e-01,5.500000e-01,5.519968e-01,-1.996760e-03,4.132909e-02,1.066767e-02
2.980000e+01,9.920235e-01,9.841106e-01,5.500000e-01,5.519874e-01,-1.987383e-03,4.111980e-02,1.086758e-02
2.990000e+01,9.920635e-01,9.841899e-01,5.500000e-01,5.519785e-01,-1.978541e-03,4.091205e-02,1.106650e-02
3.000000e+01,9.921033e-01,9.842689e-01,5.500000e-01,5.519701e-01,-1.970126e-03,4.070572e-02,1.126441e-02
3.010000e+01,9.921429e-01,9.843475e-01,5.500000e-01,5.519620e-01,-1.962040e-03,4.050071e-02,1.146133e-02
3.020000e+01,9.921824e-01,9.844259e-01,5.500000e-01,5.519542e-01,-1.954194e-03,4.029693e-02,1.165727e-02
3.030000e+01,9.922217e-01,9.845039e-01,5.500000e-01,5.519465e-01,-1.946511e-03,4.009429e-02,1.185222e-02
3.040000e+01,9.922608e-01,9.845816e-01,5.500000e-01,5.519389e-01,-1.938925e-03,3.989274e-02,1.204618e-02
3.050000e+01,9.922999e-01,9.846590e-01,5.500000e-01,5.519314e-01,-1.931379e-03,3.969220e-02,1.223918e-02
3.060000e+01,9.923387e-01,9.847361e-01,5.500000e-01,5.519238e-01,-1.923826e-03,3.949263e-02,1.243119e-02
3.070000e+01,9.923774e-01,9.848129e-01,5.500000e-01,5.519162e-01,-1.916227e-03,3.929399e-02,1.262224e-02
3.080000e+01,9.924159e-01,9.848894e-01,5.500000e-01,5.519086e-01,-1.908554e-03,3.909623e-02,1.281232e-02
3.090000e+01,9.924543e-01,9.849656e-01,5.500000e-01,5.519008e-01,-1.900782e-03,3.889934e-02,1.300145e-02
3.100000e+01,9.924925e-01,9.850415e-01,5.500000e-01,5.518929e-01,-1.892898e-03,3.870329e-02,1.318961e-02
3.110000e+01,9.925306e-01,9.851170e-01,5.500000e-01,5.518849e-01,-1.884891e-03,3.850807e-02,1.337682e-02
3.120000e+01,9.925685e-01,9.851922e-01,5.500000e-01,5.518768e-01,-1.876757e-03,3.831368e-02,1.356308e-02
3.130000e+01,9.926062e-01,9.852672e-01,5.500000e-01,5.518685e-01,-1.868495e-03,3.812010e-02,1.374840e-02
3.140000e+01,9.926438e-01,9.853417e-01,5.500000e-01,5.518601e-01,-1.860109e-03,3.792734e-02,1.393277e-02
3.150000e+01,9.926812e-01,9.854160e-01,5.500000e-01,5.518516e-01,-1.851606e-03,3.773540e-02,1.411621e-02
3.160000e+01,9.927184e-01,9.854898e-01,5.500000e-01,5.518430e-01,-1.842994e-03,3.754428e-02,1.429871e-02
3.170000e+01,9.927555e-01,9.855634e-01,5.500000e-01,5.518343e-01,-1.834284e-03,3.735400e-02,1.448029e-02
3.180000e+01,9.927923e-01,9.856366e-01,5.500000e-01,5.518255e-01,-1.825488e-03,3.716455e-02,1.466094e-02
3.190000e+01,9.928290e-01,9.857094e-01,5.500000e-01,5.518166e-01,-1.816618e-03,3.697594e-02,1.484067e-02
3.200000e+01,9.928655e-01,9.857819e-01,5.500000e-01,5.518077e-01,-1.807687e-03,3.678820e-02,1.501949e-02
3.210000e+01,9.929018e-01,9.858540e-01,5.500000e-01,5.517987e-01,-1.798708e-03,3.660131e-02,1.519740e-02
3.220000e+01,9.929380e-01,9.859258e-01,5.500000e-01,5.517897e-01,-1.789694e-03,3.641529e-02,1.537440e-02
3.230000e+01,9.929739e-01,9.859972e-01,5.500000e-01,5.517807e-01,-1.780657e-03,3.623016e-02,1.555050e-02
3.240000e+01,9.930097e-01,9.860683e-01,5.500000e-01,5.517716e-01,-1.771609e-03,3.604590e-02,1.572571e-02
3.250000e+01,9.930453e-01,9.861390e-01,5.500000e-01,5.517626e-01,-1.762560e-03,3.586254e-02,1.590002e-02
3.260000e+01,9.930807e-01,9.862093e-01,5.500000e-01,5.517535e-01,-1.753522e-03,3.568008e-02,1.607344e-02
3.270000e+01,9.931159e-01,9.862792e-01,5.500000e-01,5.517445e-01,-1.744501e-03,3.549852e-02,1.624599e-02
3.280000e+01,9.931510e-01,9.863488e-01,5.500000e-01,5.517355e-01,-1.735507e-03,3.531786e-02,1.641765e-02
3.290000e+01,9.931858e-01,9.864181e-01,5.500000e-01,5.517265e-01,-1.726547e-03,3.513811e-02,1.658844e-02
3.300000e+01,9.932205e-01,9.864870e-01,5.500000e-01,5.517176e-01,-1.717626e-03,3.495927e-02,1.675836e-02
3.310000e+01,9.932550e-01,9.865555e-01,5.500000e-01,5.517087e-01,-1.708750e-03,3.478133e-02,1.692742e-02
3.320000e+01,9.932893e-01,9.866237e-01,5.500000e-01,5.516999e-01,-1.699923e-03,3.460431e-02,1.709561e-02
3.330000e+01,9.933235e-01,9.866915e-01,5.500000e-01,5.516911e-01,-1.691147e-03,3.442820e-02,1.726295e-02
3.340000e+01,9.933574e-01,9.867590e-01,5.500000e-01,5.516824e-01,-1.682427e-03,3.425299e-02,1.742944e-02
3.350000e+01,9.933912e-01,9.868261e-01,5.500000e-01,5.516738e-01,-1.673762e-03,3.407868e-02,1.759508e-02
3.360000e+01,9.934248e-01,9.868929e-01,5.500000e-01,5.516652e-01,-1.665156e-03,3.390527e-02,1.775988e-02
3.370000e+01,9.934582e-01,9.869593e-01,5.500000e-01,5.516566e-01,-1.656608e-03,3.373277e-02,1.792384e-02
3.380000e+01,9.934915e-01,9.870254e-01,5.500000e-01,5.516481e-01,-1.648119e-03,3.356115e-02,1.808697e-02
3.390000e+01,9.935246e-01,9.870911e-01,5.500000e-01,5.516397e-01,-1.639687e-03,3.339042e-02,1.824927e-02
3.400000e+01,9.935575e-01,9.871566e-01,5.500000e-01,5.516313e-01,-1.631314e-03,3.322057e-02,1.841074e-02
3.410000e+01,9.935903e-01,9.872216e-01,5.500000e-01,5.516230e-01,-1.622998e-03,3.305160e-02,1.857139e-02
3.420000e+01,9.936229e-01,9.872864e-01,5.500000e-01,5.516147e-01,-1.614737e-03,3.288351e-02,1.873123e-02
3.430000e+01,9.936553e-01,9.873508e-01,5.500000e-01,5.516065e-01,-1.606531e-03,3.271628e-02,1.889025e-02
3.440000e+01,9.936875e-01,9.874149e-01,5.500000e-01,5.515984e-01,-1.598378e-03,3.254991e-02,1.904847e-02
3.450000e+01,9.937196e-01,9.874787e-01,5.500000e-01,5.515903e-01,-1.590278e-03,3.238440e-02,1.920588e-02
3.460000e+01,9.937516e-01,9.875421e-01,5.500000e-01,5.515822e-01,-1.582227e-03,3.221974e-02,1.936249e-02
3.470000e+01,9.937833e-01,9.876053e-01,5.500000e-01,5.515742e-01,-1.574226e-03,3.205593e-02,1.951830e-02
3.480000e+01,9.938149e-01,9.876681e-01,5.500000e-01,5.515663e-01,-1.566272e-03,3.189295e-02,1.967332e-02
3.490000e+01,9.938464e-01,9.877306e-01,5.500000e-01,5.515584e-01,-1.558365e-03,3.173081e-02,1.982756e-02
3.500000e+01,9.938776e-01,9.877928e-01,5.500000e-01,5.515505e-01,-1.550502e-03,3.156950e-02,1.998101e-02
3.510000e+01,9.939088e-01,9.878546e-01,5.500000e-01,5.515427e-01,-1.542684e-03,3.140901e-02,2.013368e-02
3.520000e+01,9.939397e-01,9.879162e-01,5.500000e-01,5.515349e-01,-1.534907e-03,3.124934e-02,2.028557e-02
3.530000e+01,9.939705e-01,9.879774e-01,5.500000e-01,5.515272e-01,-1.527172e-03,3.109048e-02,2.043669e-02
3.540000e+01,9.940012e-01,9.880383e-01,5.500000e-01,5.515195e-01,-1.519478e-03,3.093243e-02,2.058704e-02
3.550000e+01,9.940317e-01,9.880990e-01,5.500000e-01,5.515118e-01,-1.511823e-03,3.077519e-02,2.073663e-02
3.560000e+01,9.940620e-01,9.881593e-01,5.500000e-01,5.515042e-01,-1.504207e-03,3.061875e-02,2.088546e-02
3.570000e+01,9.940922e-01,9.882193e-01,5.500000e-01,5.514966e-01,-1.496630e-03,3.046310e-02,2.103353e-02
3.580000e+01,9.941222e-01,9.882790e-01,5.500000e-01,5.514891e-01,-1.489090e-03,3.030824e-02,2.118085e-02
3.590000e+01,9.941521e-01,9.883384e-01,5.500000e-01,5.514816e-01,-1.481587e-03,3.015416e-02,2.132742e-02
3.600000e+01,9.941818e-01,9.883975e-01,5.500000e-01,5.514741e-01,-1.474120e-03,3.000087e-02,2.147325e-02
3.610000e+01,9.942114e-01,9.884564e-01,5.500000e-01,5.514667e-01,-1.466690e-03,2.984836e-02,2.161833e-02
3.620000e+01,9.942409e-01,9.885149e-01,5.500000e-01,5.514593e-01,-1.459296e-03,2.969662e-02,2.176268e-02
3.630000e+01,9.942701e-01,9.885731e-01,5.500000e-01,5.514519e-01,-1.451937e-03,2.954565e-02,2.190629e-02
3.640000e+01,9.942993e-01,9.886310e-01,5.500000e-01,5.514446e-01,-1.444614e-03,2.939544e-02,2.204917e-02
3.650000e+01,9.943283e-01,9.886887e-01,5.500000e-01,5.514373e-01,-1.437326e-03,2.924600e-02,2.219133e-02
3.660000e+01,9.943571e-01,9.887460e-01,5.500000e-01,5.514301e-01,-1.430073e-03,2.909731e-02,2.233276e-02
3.670000e+01,9.943858e-01,9.888031e-01,5.500000e-01,5.514229e-01,-1.422855e-03,2.894938e-02,2.247347e-02
3.680000e+01,9.944143e-01,9.888599e-01,5.500000e-01,5.514157e-01,-1.415672e-03,2.880220e-02,2.261347e-02
3.690000e+01,9.944427e-01,9.889163e-01,5.500000e-01,5.514085e-01,-1.408524e-03,2.865576e-02,2.275276e-02
3.700000e+01,9.944710e-01,9.889725e-01,5.500000e-01,5.514014e-01,-1.401411e-03,2.851007e-02,2.289134e-02
3.710000e+01,9.944991e-01,9.890285e-01,5.500000e-01,5.513943e-01,-1.394332e-03,2.836512e-02,2.302921e-02
3.720000e+01,9.945271e-01,9.890841e-01,5.500000e-01,5.513873e-01,-1.387288e-03,2.822090e-02,2.316638e-02
3.730000e+01,9.945549e-01,9.891394e-01,5.500000e-01,5.513803e-01,-1.380278e-03,2.807742e-02,2.330286e-02
3.740000e+01,9.945826e-01,9.891945e-01,5.500000e-01,5.513733e-01,-1.373303e-03,2.793466e-02,2.343864e-02
3.750000e+01,9.946101e-01,9.892493e-01,5.500000e-01,5.513664e-01,-1.366362e-03,2.779263e-02,2.357373e-02
3.760000e+01,9.946375e-01,9.893038e-01,5.500000e-01,5.513595e-01,-1.359456e-03,2.765132e-02,2.370814e-02
3.770000e+01,9.946648e-01,9.893581e-01,5.500000e-01,5.513526e-01,-1.352583e-03,2.751073e-02,2.384186e-02
3.780000e+01,9.946919e-01,9.894120e-01,5.500000e-01,5.513457e-01,-1.345745e-03,2.737085e-02,2.397490e-02
3.790000e+01,9.947189e-01,9.894657e-01,5.500000e-01,5.513389e-01,-1.338942e-03,2.723168e-02,2.410726e-02
3.800000e+01,9.947458e-01,9.895191e-01,5.500000e-01,5.513322e-01,-1.332172e-03,2.709322e-02,2.423895e-02
3.810000e+01,9.947725e-01,9.895723e-01,5.500000e-01,5.513254e-01,-1.325436e-03,2.695546e-02,2.436997e-02
3.820000e+01,9.947991e-01,9.896252e-01,5.500000e-01,5.513187e-01,-1.318734e-03,2.681840e-02,2.450033e-02
3.830000e+01,9.948255e-01,9.896778e-01,5.500000e-01,5.513121e-01,-1.312065e-03,2.668204e-02,2.463002e-02
3.840000e+01,9.948518e-01,9.897301e-01,5.500000e-01,5.513054e-01,-1.305430e-03,2.654638e-02,2.475905e-02
3.850000e+01,9.948780e-01,9.897822e-01,5.500000e-01,5.512988e-01,-1.298829e-03,2.641140e-02,2.488743e-02
3.860000e+01,9.949040e-01,9.898340e-01,5.500000e-01,5.512923e-01,-1.292260e-03,2.627710e-02,2.501516e-02
3.870000e+01,9.949300e-01,9.898856e-01,5.500000e-01,5.512857e-01,-1.285725e-03,2.614349e-02,2.514223e-02
3.880000e+01,9.949557e-01,9.899369e-01,5.500000e-01,5.512792e-01,-1.279223e-03,2.601056e-02,2.526866e-02
3.890000e+01,9.949814e-01,9.899879e-01,5.500000e-01,5.512728e-01,-1.272753e-03,2.587831e-02,2.539445e-02
3.900000e+01,9.950069e-01,9.900387e-01,5.500000e-01,5.512663e-01,-1.266317e-03,2.574672e-02,2.551959e-02
3.910000e+01,9.950323e-01,9.900893e-01,5.500000e-01,5.512599e-01,-1.259912e-03,2.561581e-02,2.564410e-02
3.920000e+01,9.950575e-01,9.901395e-01,5.500000e-01,5.512535e-01,-1.253540e-03,2.548556e-02,2.576798e-02
3.930000e+01,9.950827e-01,9.901895e-01,5.500000e-01,5.512472e-01,-1.247201e-03,2.535597e-02,2.589123e-02
3.940000e+01,9.951077e-01,9.902393e-01,5.500000e-01,5.512409e-01,-1.240893e-03,2.522705e-02,2.601385e-02
3.950000e+01,9.951326e-01,9.902888e-01,5.500000e-01,5.512346e-01,-1.234617e-03,2.509877e-02,2.613584e-02
3.960000e+01,9.951573e-01,9.903381e-01,5.500000e-01,5.512284e-01,-1.228372e-03,2.497115e-02,2.625722e-02
3.970000e+01,9.951819e-01,9.903871e-01,5.500000e-01,5.512222e-01,-1.222159e-03,2.484418e-02,2.637798e-02
3.980000e+01,9.952064e-01,9.904358e-01,5.500000e-01,5.512160e-01,-1.215978e-03,2.471785e-02,2.649812e-02
3.990000e+01,9.952308e-01,9.904844e-01,5.500000e-01,5.512098e-01,-1.209828e-03,2.459217e-02,2.661766e-02
4.000000e+01,9.952551e-01,9.905326e-01,5.500000e-01,5.512037e-01,-1.203708e-03,2.446712e-02,2.673658e-02
4.010000e+01,9.952792e-01,9.905807e-01,5.500000e-01,5.511976e-01,-1.197620e-03,2.434271e-02,2.685491e-02
4.020000e+01,9.953032e-01,9.906284e-01,5.500000e-01,5.511916e-01,-1.191562e-03,2.421894e-02,2.697263e-02
4.030000e+01,9.953271e-01,9.906760e-01,5.500000e-01,5.511855e-01,-1.185534e-03,2.409579e-02,2.708975e-02
4.040000e+01,9.953508e-01,9.907233e-01,5.500000e-01,5.511795e-01,-1.179537e-03,2.397326e-02,2.720627e-02
4.050000e+01,9.953745e-01,9.907703e-01,5.500000e-01,5.511736e-01,-1.173570e-03,2.385136e-02,2.732221e-02
4.060000e+01,9.953980e-01,9.908172e-01,5.500000e-01,5.511676e-01,-1.167634e-03,2.373008e-02,2.743755e-02
4.070000e+01,9.954214e-01,9.908638e-01,5.500000e-01,5.511617e-01,-1.161727e-03,2.360942e-02,2.755231e-02
4.080000e+01,9.954447e-01,9.909101e-01,5.500000e-01,5.511558e-01,-1.155849e-03,2.348937e-02,2.766648e-02
4.090000e+01,9.954678e-01,9.909562e-01,5.500000e-01,5.511500e-01,-1.150002e-03,2.336993e-02,2.778008e-02
4.100000e+01,9.954909e-01,9.910021e-01,5.500000e-01,5.511442e-01,-1.144184e-03,2.325109e-02,2.789309e-02
4.110000e+01,9.955138e-01,9.910478e-01,5.500000e-01,5.511384e-01,-1.138395e-03,2.313286e-02,2.800553e-02
4.120000e+01,9.955366e-01,9.910932e-01,5.500000e-01,5.511326e-01,-1.132635e-03,2.301523e-02,2.811740e-02
4.130000e+01,9.955593e-01,9.911384e-01,5.500000e-01,5.511269e-01,-1.126904e-03,2.289820e-02,2.822870e-02
4.140000e+01,9.955819e-01,9.911833e-01,5.500000e-01,5.511212e-01,-1.121202e-03,2.278177e-02,2.833944e-02
4.150000e+01,9.956044e-01,9.912281e-01,5.500000e-01,5.511155e-01,-1.115528e-03,2.266592e-02,2.844961e-02
4.160000e+01,9.956267e-01,9.912726e-01,5.500000e-01,5.511099e-01,-1.109884e-03,2.255066e-02,2.855922e-02
4.170000e+01,9.956490e-01,9.913169e-01,5.500000e-01,5.511043e-01,-1.104267e-03,2.243599e-02,2.866827e-02
4.180000e+01,9.956711e-01,9.913609e-01,5.500000e-01,5.510987e-01,-1.098679e-03,2.232191e-02,2.877677e-02
4.190000e+01,9.956931e-01,9.914047e-01,5.500000e-01,5.510931e-01,-1.093119e-03,2.220840e-02,2.888472e-02
4.200000e+01,9.957150e-01,9.914484e-01,5.500000e-01,5.510876e-01,-1.087587e-03,2.209547e-02,2.899212e-02
4.210000e+01,9.957368e-01,9.914918e-01,5.500000e-01,5.510821e-01,-1.082083e-03,2.198311e-02,2.909897e-02
4.220000e+01,9.957585e-01,9.915349e-01,5.500000e-01,5.510766e-01,-1.076606e-03,2.187133e-02,2.920528e-02
4.230000e+01,9.957800e-01,9.915779e-01,5.500000e-01,5.510712e-01,-1.071157e-03,2.176011e-02,2.931105e-02
4.240000e+01,9.958015e-01,9.916206e-01,5.500000e-01,5.510657e-01,-1.065735e-03,2.164946e-02,2.941628e-02
4.250000e+01,9.958228e-01,9.916631e-01,5.500000e-01,5.510603e-01,-1.060341e-03,2.153937e-02,2.952097e-02
4.260000e+01,9.958441e-01,9.917054e-01,5.500000e-01,5.510550e-01,-1.054974e-03,2.142984e-02,2.962514e-02
4.270000e+01,9.958652e-01,9.917475e-01,5.500000e-01,5.510496e-01,-1.049634e-03,2.132086e-02,2.972877e-02
4.280000e+01,9.958862e-01,9.917894e-01,5.500000e-01,5.510443e-01,-1.044321e-03,2.121244e-02,2.983188e-02
4.290000e+01,9.959072e-01,9.918311e-01,5.500000e-01,5.510390e-01,-1.039034e-03,2.110458e-02,2.993446e-02
4.300000e+01,9.959280e-01,9.918725e-01,5.500000e-01,5.510338e-01,-1.033774e-03,2.099726e-02,3.003652e-02
4.310000e+01,9.959487e-01,9.919138e-01,5.500000e-01,5.510285e-01,-1.028541e-03,2.089048e-02,3.013806e-02
4.320000e+01,9.959693e-01,9.919548e-01,5.500000e-01,5.510233e-01,-1.023334e-03,2.078425e-02,3.023909e-02
4.330000e+01,9.959898e-01,9.919957e-01,5.500000e-01,5.510182e-01,-1.018153e-03,2.067856e-02,3.033960e-02
4.340000e+01,9.960102e-01,9.920363e-01,5.500000e-01,5.510130e-01,-1.012999e-03,2.057340e-02,3.043960e-02
4.350000e+01,9.960305e-01,9.920767e-01,5.500000e-01,5.510079e-01,-1.007870e-03,2.046878e-02,3.053909e-02
4.360000e+01,9.960507e-01,9.921169e-01,5.500000e-01,5.510028e-01,-1.002767e-03,2.036469e-02,3.063807e-02
4.370000e+01,9.960707e-01,9.921569e-01,5.500000e-01,5.509977e-01,-9.976902e-04,2.026113e-02,3.073656e-02
4.380000e+01,9.960907e-01,9.921967e-01,5.500000e-01,5.509926e-01,-9.926386e-04,2.015810e-02,3.083454e-02
4.390000e+01,9.961106e-01,9.922363e-01,5.500000e-01,5.509876e-01,-9.876126e-04,2.005559e-02,3.093202e-02
4.400000e+01,9.961304e-01,9.922757e-01,5.500000e-01,5.509826e-01,-9.826118e-04,1.995360e-02,3.102901e-02
4.410000e+01,9.961501e-01,9.923149e-01,5.500000e-01,5.509776e-01,-9.776362e-04,1.985213e-02,3.112550e-02
4.420000e+01,9.961696e-01,9.923539e-01,5.500000e-01,5.509727e-01,-9.726858e-04,1.975118e-02,3.122151e-02
4.430000e+01,9.961891e-01,9.923928e-01,5.500000e-01,5.509678e-01,-9.677602e-04,1.965074e-02,3.131702e-02
4.440000e+01,9.962085e-01,9.924314e-01,5.500000e-01,5.509629e-01,-9.628595e-04,1.955081e-02,3.141205e-02
4.450000e+01,9.962278e-01,9.924698e-01,5.500000e-01,5.509580e-01,-9.579835e-04,1.945139e-02,3.150660e-02
4.460000e+01,9.962470e-01,9.925080e-01,5.500000e-01,5.509531e-01,-9.531321e-04,1.935247e-02,3.160066e-02
4.470000e+01,9.962660e-01,9.925460e-01,5.500000e-01,5.509483e-01,-9.483052e-04,1.925405e-02,3.169425e-02
4.480000e+01,9.962850e-01,9.925839e-01,5.500000e-01,5.509435e-01,-9.435025e-04,1.915614e-02,3.178736e-02
4.490000e+01,9.963039e-01,9.926215e-01,5.500000e-01,5.509387e-01,-9.387241e-04,1.905872e-02,3.188000e-02
4.500000e+01,9.963227e-01,9.926590e-01,5.500000e-01,5.509340e-01,-9.339698e-04,1.896180e-02,3.197217e-02
4.510000e+01,9.963414e-01,9.926962e-01,5.500000e-01,5.509292e-01,-9.292394e-04,1.886537e-02,3.206386e-02
4.520000e+01,9.963600e-01,9.927333e-01,5.500000e-01,5.509245e-01,-9.245329e-04,1.876944e-02,3.215510e-02
4.530000e+01,9.963785e-01,9.927702e-01,5.500000e-01,5.509199e-01,-9.198502e-04,1.867399e-02,3.224586e-02
4.540000e+01,9.963970e-01,9.928069e-01,5.500000e-01,5.509152e-01,-9.151910e-04,1.857902e-02,3.233617e-02
4.550000e+01,9.964153e-01,9.928434e-01,5.500000e-01,5.509106e-01,-9.105554e-04,1.848454e-02,3.242602e-02
4.560000e+01,9.964335e-01,9.928797e-01,5.500000e-01,5.509059e-01,-9.059431e-04,1.839054e-02,3.251541e-02
4.570000e+01,9.964516e-01,9.929159e-01,5.500000e-01,5.509014e-01,-9.013541e-04,1.829701e-02,3.260434e-02
4.580000e+01,9.964697e-01,9.929519e-01,5.500000e-01,5.508968e-01,-8.967882e-04,1.820396e-02,3.269283e-02
4.590000e+01,9.964876e-01,9.929876e-01,5.500000e-01,5.508922e-01,-8.922453e-04,1.811139e-02,3.278086e-02
4.600000e+01,9.965055e-01,9.930232e-01,5.500000e-01,5.508877e-01,-8.877254e-04,1.801928e-02,3.286844e-02
4.610000e+01,9.965233e-01,9.930586e-01,5.500000e-01,5.508832e-01,-8.832283e-04,1.792764e-02,3.295558e-02
4.620000e+01,9.965410e-01,9.930939e-01,5.500000e-01,5.508788e-01,-8.787538e-04,1.783647e-02,3.304228e-02
4.630000e+01,9.965586e-01,9.931290e-01,5.500000e-01,5.508743e-01,-8.743019e-04,1.774577e-02,3.312854e-02
4.640000e+01,9.965761e-01,9.931638e-01,5.500000e-01,5.508699e-01,-8.698725e-04,1.765552e-02,3.321435e-02
4.650000e+01,9.965935e-01,9.931985e-01,5.500000e-01,5.508655e-01,-8.654654e-04,1.756573e-02,3.329973e-02
4.660000e+01,9.966108e-01,9.932331e-01,5.500000e-01,5.508611e-01,-8.610806e-04,1.747640e-02,3.338468e-02
4.670000e+01,9.966280e-01,9.932674e-01,5.500000e-01,5.508567e-01,-8.567179e-04,1.738752e-02,3.346920e-02
4.680000e+01,9.966452e-01,9.933016e-01,5.500000e-01,5.508524e-01,-8.523772e-04,1.729910e-02,3.355328e-02
4.690000e+01,9.966622e-01,9.933356e-01,5.500000e-01,5.508481e-01,-8.480584e-04,1.721112e-02,3.363694e-02
4.700000e+01,9.966792e-01,9.933695e-01,5.500000e-01,5.508438e-01,-8.437614e-04,1.712359e-02,3.372017e-02
4.710000e+01,9.966961e-01,9.934031e-01,5.500000e-01,5.508395e-01,-8.394860e-04,1.703651e-02,3.380298e-02
4.720000e+01,9.967129e-01,9.934366e-01,5.500000e-01,5.508352e-01,-8.352323e-04,1.694987e-02,3.388536e-02
4.730000e+01,9.967296e-01,9.934699e-01,5.500000e-01,5.508310e-01,-8.310000e-04,1.686367e-02,3.396733e-02
4.740000e+01,9.967463e-01,9.935031e-01,5.500000e-01,5.508268e-01,-8.267891e-04,1.677791e-02,3.404888e-02
4.750000e+01,9.967628e-01,9.935361e-01,5.500000e-01,5.508226e-01,-8.225994e-04,1.669258e-02,3.413002e-02
4.760000e+01,9.967793e-01,9.935689e-01,5.500000e-01,5.508184e-01,-8.184309e-04,1.660769e-02,3.421074e-02
4.770000e+01,9.967956e-01,9.936016e-01,5.500000e-01,5.508143e-01,-8.142834e-04,1.652323e-02,3.429106e-02
4.780000e+01,9.968119e-01,9.936340e-01,5.500000e-01,5.508102e-01,-8.101569e-04,1.643919e-02,3.437096e-02
4.790000e+01,9.968282e-01,9.936664e-01,5.500000e-01,5.508061e-01,-8.060512e-04,1.635559e-02,3.445046e-02
4.800000e+01,9.968443e-01,9.936985e-01,5.500000e-01,5.508020e-01,-8.019662e-04,1.627241e-02,3.452956e-02
4.810000e+01,9.968603e-01,9.937305e-01,5.500000e-01,5.507979e-01,-7.979018e-04,1.618965e-02,3.460825e-02
4.820000e+01,9.968763e-01,9.937624e-01,5.500000e-01,5.507939e-01,-7.938579e-04,1.610732e-02,3.468654e-02
4.830000e+01,9.968922e-01,9.937940e-01,5.500000e-01,5.507898e-01,-7.898345e-04,1.602540e-02,3.476443e-02
4.840000e+01,9.969080e-01,9.938255e-01,5.500000e-01,5.507858e-01,-7.858314e-04,1.594390e-02,3.484193e-02
4.850000e+01,9.969237e-01,9.938569e-01,5.500000e-01,5.507818e-01,-7.818485e-04,1.586281e-02,3.491903e-02
4.860000e+01,9.969394e-01,9.938881e-01,5.500000e-01,5.507779e-01,-7.778857e-04,1.578214e-02,3.499575e-02
4.870000e+01,9.969549e-01,9.939191e-01,5.500000e-01,5.507739e-01,-7.739429e-04,1.570188e-02,3.507207e-02
4.880000e+01,9.969704e-01,9.939500e-01,5.500000e-01,5.507700e-01,-7.700200e-04,1.562202e-02,3.514800e-02
4.890000e+01,9.969858e-01,9.939807e-01,5.500000e-01,5.507661e-01,-7.661170e-04,1.554257e-02,3.522355e-02
4.900000e+01,9.970012e-01,9.940113e-01,5.500000e-01,5.507622e-01,-7.622336e-04,1.546352e-02,3.529871e-02
4.910000e+01,9.970164e-01,9.940417e-01,5.500000e-01,5.507584e-01,-7.583699e-04,1.538488e-02,3.537349e-02
4.920000e+01,9.970316e-01,9.940720e-01,5.500000e-01,5.507545e-01,-7.545256e-04,1.530664e-02,3.544789e-02
4.930000e+01,9.970467e-01,9.941021e-01,5.500000e-01,5.507507e-01,-7.507008e-04,1.522879e-02,3.552191e-02
4.940000e+01,9.970617e-01,9.941320e-01,5.500000e-01,5.507469e-01,-7.468953e-04,1.515134e-02,3.559556e-02
4.950000e+01,9.970766e-01,9.941618e-01,5.500000e-01,5.507431e-01,-7.431091e-04,1.507428e-02,3.566883e-02
4.960000e+01,9.970915e-01,9.941915e-01,5.500000e-01,5.507393e-01,-7.393419e-04,1.499762e-02,3.574173e-02
4.970000e+01,9.971063e-01,9.942210e-01,5.500000e-01,5.507356e-01,-7.355938e-04,1.492134e-02,3.581425e-02
4.980000e+01,9.971210e-01,9.942503e-01,5.500000e-01,5.507319e-01,-7.318646e-04,1.484545e-02,3.588641e-02
4.990000e+01,9.971357e-01,9.942795e-01,5.500000e-01,5.507282e-01,-7.281543e-04,1.476995e-02,3.595820e-02
5.000000e+01,9.971502e-01,9.943086e-01,5.500000e-01,5.507245e-01,-7.244627e-04,1.469483e-02,3.602963e-02
5.010000e+01,9.971647e-01,9.943375e-01,5.500000e-01,5.507208e-01,-7.207897e-04,1.462010e-02,3.610069e-02
5.020000e+01,9.971791e-01,9.943662e-01,5.500000e-01,5.507171e-01,-7.171353e-04,1.454574e-02,3.617139e-02
5.030000e+01,9.971935e-01,9.943949e-01,5.500000e-01,5.507135e-01,-7.134994e-04,1.447176e-02,3.624173e-02
5.040000e+01,9.972078e-01,9.944233e-01,5.500000e-01,5.507099e-01,-7.098818e-04,1.439816e-02,3.631172e-02
5.050000e+01,9.972220e-01,9.944516e-01,5.500000e-01,5.507063e-01,-7.062826e-04,1.432494e-02,3.638135e-02
5.060000e+01,9.972361e-01,9.944798e-01,5.500000e-01,5.507027e-01,-7.027015e-04,1.425208e-02,3.645062e-02
5.070000e+01,9.972501e-01,9.945079e-01,5.500000e-01,5.506991e-01,-6.991385e-04,1.417960e-02,3.651954e-02
5.080000e+01,9.972641e-01,9.945358e-01,5.500000e-01,5.506956e-01,-6.955935e-04,1.410748e-02,3.658811e-02
5.090000e+01,9.972780e-01,9.945635e-01,5.500000e-01,5.506921e-01,-6.920664e-04,1.403573e-02,3.665634e-02
5.100000e+01,9.972919e-01,9.945911e-01,5.500000e-01,5.506886e-01,-6.885572e-04,1.396434e-02,3.672421e-02
5.110000e+01,9.973057e-01,9.946186e-01,5.500000e-01,5.506851e-01,-6.850656e-04,1.389332e-02,3.679174e-02
5.120000e+01,9.973194e-01,9.946459e-01,5.500000e-01,5.506816e-01,-6.815918e-04,1.382266e-02,3.685893e-02
5.130000e+01,9.973330e-01,9.946731e-01,5.500000e-01,5.506781e-01,-6.781355e-04,1.375236e-02,3.692578e-02
5.140000e+01,9.973466e-01,9.947002e-01,5.500000e-01,5.506747e-01,-6.746966e-04,1.368242e-02,3.699228e-02
5.150000e+01,9.973601e-01,9.947271e-01,5.500000e-01,5.506713e-01,-6.712752e-04,1.361283e-02,3.705845e-02
5.160000e+01,9.973735e-01,9.947539e-01,5.500000e-01,5.506679e-01,-6.678710e-04,1.354359e-02,3.712428e-02
5.170000e+01,9.973868e-01,9.947805e-01,5.500000e-01,5.506645e-01,-6.644840e-04,1.347471e-02,3.718977e-02
5.180000e+01,9.974001e-01,9.948070e-01,5.500000e-01,5.506611e-01,-6.611142e-04,1.340618e-02,3.725494e-02
5.190000e+01,9.974134e-01,9.948334e-01,5.500000e-01,5.506578e-01,-6.577614e-04,1.333799e-02,3.731977e-02
5.200000e+01,9.974265e-01,9.948597e-01,5.500000e-01,5.506544e-01,-6.544255e-04,1.327016e-02,3.738427e-02
5.210000e+01,9.974396e-01,9.948858e-01,5.500000e-01,5.506511e-01,-6.511066e-04,1.320266e-02,3.744844e-02
5.220000e+01,9.974526e-01,9.949117e-01,5.500000e-01,5.506478e-01,-6.478044e-04,1.313552e-02,3.751229e-02
5.230000e+01,9.974656e-01,9.949376e-01,5.500000e-01,5.506445e-01,-6.445188e-04,1.306871e-02,3.757581e-02
5.240000e+01,9.974785e-01,9.949633e-01,5.500000e-01,5.506412e-01,-6.412499e-04,1.300224e-02,3.763901e-02
5.250000e+01,9.974913e-01,9.949889e-01,5.500000e-01,5.506380e-01,-6.379976e-04,1.293611e-02,3.770189e-02
5.260000e+01,9.975041e-01,9.950144e-01,5.500000e-01,5.506348e-01,-6.347617e-04,1.287032e-02,3.776445e-02
5.270000e+01,9.975168e-01,9.950397e-01,5.500000e-01,5.506315e-01,-6.315421e-04,1.280486e-02,3.782668e-02
5.280000e+01,9.975294e-01,9.950649e-01,5.500000e-01,5.506283e-01,-6.283388e-04,1.273973e-02,3.788861e-02
5.290000e+01,9.975420e-01,9.950899e-01,5.500000e-01,5.506252e-01,-6.251517e-04,1.267494e-02,3.795022e-02
5.300000e+01,9.975545e-01,9.951149e-01,5.500000e-01,5.506220e-01,-6.219808e-04,1.261047e-02,3.801151e-02
5.310000e+01,9.975669e-01,9.951397e-01,5.500000e-01,5.506188e-01,-6.188258e-04,1.254633e-02,3.807249e-02
5.320000e+01,9.975793e-01,9.951644e-01,5.500000e-01,5.506157e-01,-6.156868e-04,1.248252e-02,3.813317e-02
5.330000e+01,9.975916e-01,9.951890e-01,5.500000e-01,5.506126e-01,-6.125638e-04,1.241903e-02,3.819353e-02
5.340000e+01,9.976038e-01,9.952134e-01,5.500000e-01,5.506095e-01,-6.094564e-04,1.235587e-02,3.825359e-02
5.350000e+01,9.976160e-01,9.952377e-01,5.500000e-01,5.506064e-01,-6.063649e-04,1.229302e-02,3.831334e-02
5.360000e+01,9.976281e-01,9.952619e-01,5.500000e-01,5.506033e-01,-6.032889e-04,1.223050e-02,3.837279e-02
5.370000e+01,9.976402e-01,9.952860e-01,5.500000e-01,5.506002e-01,-6.002285e-04,1.216829e-02,3.843193e-02
5.380000e+01,9.976522e-01,9.953099e-01,5.500000e-01,5.505972e-01,-5.971836e-04,1.210640e-02,3.849078e-02
5.390000e+01,9.976641e-01,9.953338e-01,5.500000e-01,5.505942e-01,-5.941541e-04,1.204483e-02,3.854932e-02
5.400000e+01,9.976760e-01,9.953575e-01,5.500000e-01,5.505911e-01,-5.911399e-04,1.198357e-02,3.860757e-02
5.410000e+01,9.976878e-01,9.953810e-01,5.500000e-01,5.505881e-01,-5.881410e-04,1.192262e-02,3.866552e-02
5.420000e+01,9.976996e-01,9.954045e-01,5.500000e-01,5.505852e-01,-5.851572e-04,1.186198e-02,3.872318e-02
5.430000e+01,9.977113e-01,9.954279e-01,5.500000e-01,5.505822e-01,-5.821885e-04,1.180165e-02,3.878054e-02
5.440000e+01,9.977229e-01,9.954511e-01,5.500000e-01,5.505792e-01,-5.792349e-04,1.174162e-02,3.883761e-02
5.450000e+01,9.977345e-01,9.954742e-01,5.500000e-01,5.505763e-01,-5.762962e-04,1.168190e-02,3.889440e-02
5.460000e+01,9.977461e-01,9.954972e-01,5.500000e-01,5.505734e-01,-5.733723e-04,1.162248e-02,3.895089e-02
5.470000e+01,9.977575e-01,9.955201e-01,5.500000e-01,5.505705e-01,-5.704633e-04,1.156337e-02,3.900709e-02
5.480000e+01,9.977689e-01,9.955428e-01,5.500000e-01,5.505676e-01,-5.675690e-04,1.150456e-02,3.906301e-02
5.490000e+01,9.977803e-01,9.955655e-01,5.500000e-01,5.505647e-01,-5.646893e-04,1.144604e-02,3.911865e-02
5.500000e+01,9.977916e-01,9.955880e-01,5.500000e-01,5.505618e-01,-5.618242e-04,1.138782e-02,3.917400e-02
5.510000e+01,9.978028e-01,9.956104e-01,5.500000e-01,5.505590e-01,-5.589735e-04,1.132990e-02,3.922907e-02
5.520000e+01,9.978140e-01,9.956327e-01,5.500000e-01,5.505561e-01,-5.561374e-04,1.127228e-02,3.928386e-02
5.530000e+01,9.978251e-01,9.956549e-01,5.500000e-01,5.505533e-01,-5.533155e-04,1.121494e-02,3.933837e-02
5.540000e+01,9.978362e-01,9.956770e-01,5.500000e-01,5.505505e-01,-5.505080e-04,1.115790e-02,3.939261e-02
5.550000e+01,9.978472e-01,9.956989e-01,5.500000e-01,5.505477e-01,-5.477146e-04,1.110115e-02,3.944657e-02
5.560000e+01,9.978581e-01,9.957208e-01,5.500000e-01,5.505449e-01,-5.449354e-04,1.104469e-02,3.950025e-02
5.570000e+01,9.978690e-01,9.957425e-01,5.500000e-01,5.505422e-01,-5.421702e-04,1.098851e-02,3.955366e-02
5.580000e+01,9.978798e-01,9.957642e-01,5.500000e-01,5.505394e-01,-5.394191e-04,1.093262e-02,3.960680e-02
5.590000e+01,9.978906e-01,9.957857e-01,5.500000e-01,5.505367e-01,-5.366819e-04,1.087701e-02,3.965967e-02
5.600000e+01,9.979014e-01,9.958071e-01,5.500000e-01,5.505340e-01,-5.339585e-04,1.082169e-02,3.971227e-02
5.610000e+01,9.979120e-01,9.958284e-01,5.500000e-01,5.505312e-01,-5.312489e-04,1.076665e-02,3.976460e-02
5.620000e+01,9.979226e-01,9.958496e-01,5.500000e-01,5.505286e-01,-5.285530e-04,1.071188e-02,3.981667e-02
5.630000e+01,9.979332e-01,9.958707e-01,5.500000e-01,5.505259e-01,-5.258708e-04,1.065740e-02,3.986847e-02
5.640000e+01,9.979437e-01,9.958917e-01,5.500000e-01,5.505232e-01,-5.232021e-04,1.060319e-02,3.992001e-02
5.650000e+01,9.979542e-01,9.959126e-01,5.500000e-01,5.505205e-01,-5.205470e-04,1.054926e-02,3.997128e-02
5.660000e+01,9.979646e-01,9.959333e-01,5.500000e-01,5.505179e-01,-5.179053e-04,1.049561e-02,4.002230e-02
5.670000e+01,9.979749e-01,9.959540e-01,5.500000e-01,5.505153e-01,-5.152770e-04,1.044222e-02,4.007305e-02
5.680000e+01,9.979852e-01,9.959745e-01,5.500000e-01,5.505127e-01,-5.126619e-04,1.038911e-02,4.012355e-02
5.690000e+01,9.979955e-01,9.959950e-01,5.500000e-01,5.505101e-01,-5.100601e-04,1.033627e-02,4.017379e-02
5.700000e+01,9.980057e-01,9.960154e-01,5.500000e-01,5.505075e-01,-5.074715e-04,1.028369e-02,4.022378e-02
5.710000e+01,9.980158e-01,9.960356e-01,5.500000e-01,5.505049e-01,-5.048960e-04,1.023139e-02,4.027351e-02
5.720000e+01,9.980259e-01,9.960557e-01,5.500000e-01,5.505023e-01,-5.023336e-04,1.017935e-02,4.032299e-02
5.730000e+01,9.980360e-01,9.960758e-01,5.500000e-01,5.504998e-01,-4.997841e-04,1.012757e-02,4.037221e-02
5.740000e+01,9.980460e-01,9.960957e-01,5.500000e-01,5.504972e-01,-4.972475e-04,1.007606e-02,4.042119e-02
5.750000e+01,9.980559e-01,9.961156e-01,5.500000e-01,5.504947e-01,-4.947237e-04,1.002481e-02,4.046992e-02
5.760000e+01,9.980658e-01,9.961353e-01,5.500000e-01,5.504922e-01,-4.922128e-04,9.973818e-03,4.051840e-02
5.770000e+01,9.980756e-01,9.961549e-01,5.500000e-01,5.504897e-01,-4.897145e-04,9.923087e-03,4.056663e-02
5.780000e+01,9.980854e-01,9.961745e-01,5.500000e-01,5.504872e-01,-4.872289e-04,9.872614e-03,4.061461e-02
5.790000e+01,9.980951e-01,9.961939e-01,5.500000e-01,5.504848e-01,-4.847559e-04,9.822398e-03,4.066236e-02
5.800000e+01,9.981048e-01,9.962133e-01,5.500000e-01,5.504823e-01,-4.822954e-04,9.772438e-03,4.070986e-02
5.810000e+01,9.981145e-01,9.962325e-01,5.500000e-01,5.504798e-01,-4.798474e-04,9.722731e-03,4.075712e-02
5.820000e+01,9.981241e-01,9.962517e-01,5.500000e-01,5.504774e-01,-4.774118e-04,9.673277e-03,4.080413e-02
5.830000e+01,9.981336e-01,9.962707e-01,5.500000e-01,5.504750e-01,-4.749885e-04,9.624075e-03,4.085091e-02
5.840000e+01,9.981431e-01,9.962897e-01,5.500000e-01,5.504726e-01,-4.725774e-04,9.575123e-03,4.089745e-02
5.850000e+01,9.981525e-01,9.963085e-01,5.500000e-01,5.504702e-01,-4.701786e-04,9.526420e-03,4.094376e-02
5.860000e+01,9.981619e-01,9.963273e-01,5.500000e-01,5.504678e-01,-4.677919e-04,9.477965e-03,4.098983e-02
5.870000e+01,9.981713e-01,9.963459e-01,5.500000e-01,5.504654e-01,-4.654174e-04,9.429755e-03,4.103566e-02
5.880000e+01,9.981806e-01,9.963645e-01,5.500000e-01,5.504631e-01,-4.630548e-04,9.381792e-03,4.108126e-02
5.890000e+01,9.981898e-01,9.963830e-01,5.500000e-01,5.504607e-01,-4.607042e-04,9.334072e-03,4.112663e-02
5.900000e+01,9.981991e-01,9.964014e-01,5.500000e-01,5.504584e-01,-4.583656e-04,9.286594e-03,4.117177e-02
5.910000e+01,9.982082e-01,9.964196e-01,5.500000e-01,5.504560e-01,-4.560387e-04,9.239359e-03,4.121668e-02
5.920000e+01,9.982173e-01,9.964378e-01,5.500000e-01,5.504537e-01,-4.537237e-04,9.192363e-03,4.126136e-02
5.930000e+01,9.982264e-01,9.964559e-01,5.500000e-01,5.504514e-01,-4.514203e-04,9.145606e-03,4.130581e-02
5.940000e+01,9.982354e-01,9.964740e-01,5.500000e-01,5.504491e-01,-4.491287e-04,9.099087e-03,4.135004e-02
5.950000e+01,9.982444e-01,9.964919e-01,5.500000e-01,5.504468e-01,-4.468487e-04,9.052805e-03,4.139404e-02
5.960000e+01,9.982533e-01,9.965097e-01,5.500000e-01,5.504446e-01,-4.445802e-04,9.006758e-03,4.143782e-02
5.970000e+01,9.982622e-01,9.965274e-01,5.500000e-01,5.504423e-01,-4.423232e-04,8.960945e-03,4.148138e-02
5.980000e+01,9.982710e-01,9.965451e-01,5.500000e-01,5.504401e-01,-4.400776e-04,8.915366e-03,4.152471e-02
5.990000e+01,9.982798e-01,9.965626e-01,5.500000e-01,5.504378e-01,-4.378434e-04,8.870018e-03,4.156783e-02
6.000000e+01,9.982886e-01,9.965801e-01,5.500000e-01,5.504356e-01,-4.356205e-04,8.824900e-03,4.161072e-02
6.010000e+01,9.982973e-01,9.965975e-01,5.500000e-01,5.504334e-01,-4.334089e-04,8.780012e-03,4.165340e-02
6.020000e+01,9.983060e-01,9.966148e-01,5.500000e-01,5.504312e-01,-4.312085e-04,8.735353e-03,4.169586e-02
6.030000e+01,9.983146e-01,9.966320e-01,5.500000e-01,5.504290e-01,-4.290192e-04,8.690920e-03,4.173810e-02
6.040000e+01,9.983231e-01,9.966491e-01,5.500000e-01,5.504268e-01,-4.268411e-04,8.646714e-03,4.178013e-02
6.050000e+01,9.983317e-01,9.966661e-01,5.500000e-01,5.504247e-01,-4.246739e-04,8.602732e-03,4.182194e-02
6.060000e+01,9.983402e-01,9.966831e-01,5.500000e-01,5.504225e-01,-4.225178e-04,8.558974e-03,4.186354e-02
6.070000e+01,9.983486e-01,9.966999e-01,5.500000e-01,5.504204e-01,-4.203726e-04,8.515439e-03,4.190493e-02
6.080000e+01,9.983570e-01,9.967167e-01,5.500000e-01,5.504182e-01,-4.182382e-04,8.472124e-03,4.194611e-02
6.090000e+01,9.983654e-01,9.967334e-01,5.500000e-01,5.504161e-01,-4.161147e-04,8.429031e-03,4.198708e-02
6.100000e+01,9.983737e-01,9.967500e-01,5.500000e-01,5.504140e-01,-4.140019e-04,8.386156e-03,4.202785e-02
6.110000e+01,9.983820e-01,9.967665e-01,5.500000e-01,5.504119e-01,-4.118998e-04,8.343499e-03,4.206840e-02
6.120000e+01,9.983902e-01,9.967830e-01,5.500000e-01,5.504098e-01,-4.098084e-04,8.301060e-03,4.210875e-02
6.130000e+01,9.983984e-01,9.967993e-01,5.500000e-01,5.504077e-01,-4.077276e-04,8.258836e-03,4.214889e-02
6.140000e+01,9.984065e-01,9.968156e-01,5.500000e-01,5.504057e-01,-4.056573e-04,8.216827e-03,4.218883e-02
6.150000e+01,9.984146e-01,9.968318e-01,5.500000e-01,5.504036e-01,-4.035975e-04,8.175031e-03,4.222857e-02
6.160000e+01,9.984227e-01,9.968479e-01,5.500000e-01,5.504015e-01,-4.015482e-04,8.133448e-03,4.226810e-02
6.170000e+01,9.984307e-01,9.968639e-01,5.500000e-01,5.503995e-01,-3.995092e-04,8.092077e-03,4.230743e-02
6.180000e+01,9.984387e-01,9.968798e-01,5.500000e-01,5.503975e-01,-3.974806e-04,8.050916e-03,4.234656e-02
6.190000e+01,9.984466e-01,9.968957e-01,5.500000e-01,5.503955e-01,-3.954622e-04,8.009964e-03,4.238550e-02
6.200000e+01,9.984545e-01,9.969115e-01,5.500000e-01,5.503935e-01,-3.934541e-04,7.969221e-03,4.242423e-02
6.210000e+01,9.984624e-01,9.969272e-01,5.500000e-01,5.503915e-01,-3.914562e-04,7.928684e-03,4.246277e-02
6.220000e+01,9.984702e-01,9.969428e-01,5.500000e-01,5.503895e-01,-3.894684e-04,7.888354e-03,4.250111e-02
6.230000e+01,9.984780e-01,9.969583e-01,5.500000e-01,5.503875e-01,-3.874906e-04,7.848229e-03,4.253926e-02
6.240000e+01,9.984857e-01,9.969738e-01,5.500000e-01,5.503855e-01,-3.855229e-04,7.808308e-03,4.257721e-02
6.250000e+01,9.984934e-01,9.969892e-01,5.500000e-01,5.503836e-01,-3.835652e-04,7.768591e-03,4.261497e-02
6.260000e+01,9.985011e-01,9.970045e-01,5.500000e-01,5.503816e-01,-3.816173e-04,7.729075e-03,4.265254e-02
6.270000e+01,9.985087e-01,9.970197e-01,5.500000e-01,5.503797e-01,-3.796794e-04,7.689760e-03,4.268992e-02
6.280000e+01,9.985163e-01,9.970348e-01,5.500000e-01,5.503778e-01,-3.777513e-04,7.650645e-03,4.272711e-02
6.290000e+01,9.985239e-01,9.970499e-01,5.500000e-01,5.503758e-01,-3.758329e-04,7.611729e-03,4.276410e-02
6.300000e+01,9.985314e-01,9.970649e-01,5.500000e-01,5.503739e-01,-3.739243e-04,7.573011e-03,4.280091e-02
6.310000e+01,9.985388e-01,9.970798e-01,5.500000e-01,5.503720e-01,-3.720254e-04,7.534490e-03,4.283754e-02
6.320000e+01,9.985463e-01,9.970947e-01,5.500000e-01,5.503701e-01,-3.701361e-04,7.496164e-03,4.287397e-02
6.330000e+01,9.985537e-01,9.971094e-01,5.500000e-01,5.503683e-01,-3.682563e-04,7.458034e-03,4.291022e-02
6.340000e+01,9.985610e-01,9.971241e-01,5.500000e-01,5.503664e-01,-3.663861e-04,7.420097e-03,4.294629e-02
6.350000e+01,9.985683e-01,9.971387e-01,5.500000e-01,5.503645e-01,-3.645254e-04,7.382354e-03,4.298217e-02
6.360000e+01,9.985756e-01,9.971533e-01,5.500000e-01,5.503627e-01,-3.626741e-04,7.344802e-03,4.301787e-02
6.370000e+01,9.985829e-01,9.971678e-01,5.500000e-01,5.503608e-01,-3.608322e-04,7.307442e-03,4.305339e-02
6.380000e+01,9.985901e-01,9.971822e-01,5.500000e-01,5.503590e-01,-3.589996e-04,7.270271e-03,4.308873e-02
6.390000e+01,9.985973e-01,9.971965e-01,5.500000e-01,5.503572e-01,-3.571763e-04,7.233290e-03,4.312389e-02
6.400000e+01,9.986044e-01,9.972107e-01,5.500000e-01,5.503554e-01,-3.553623e-04,7.196496e-03,4.315887e-02
6.410000e+01,9.986115e-01,9.972249e-01,5.500000e-01,5.503536e-01,-3.535574e-04,7.159890e-03,4.319367e-02
6.420000e+01,9.986186e-01,9.972390e-01,5.500000e-01,5.503518e-01,-3.517617e-04,7.123470e-03,4.322829e-02
6.430000e+01,9.986256e-01,9.972530e-01,5.500000e-01,5.503500e-01,-3.499752e-04,7.087235e-03,4.326274e-02
6.440000e+01,9.986326e-01,9.972670e-01,5.500000e-01,5.503482e-01,-3.481976e-04,7.051184e-03,4.329701e-02
6.450000e+01,9.986395e-01,9.972809e-01,5.500000e-01,5.503464e-01,-3.464291e-04,7.015317e-03,4.333111e-02
6.460000e+01,9.986464e-01,9.972947e-01,5.500000e-01,5.503447e-01,-3.446696e-04,6.979632e-03,4.336504e-02
6.470000e+01,9.986533e-01,9.973085e-01,5.500000e-01,5.503429e-01,-3.429190e-04,6.944129e-03,4.339879e-02
6.480000e+01,9.986602e-01,9.973222e-01,5.500000e-01,5.503412e-01,-3.411772e-04,6.908806e-03,4.343237e-02
6.490000e+01,9.986670e-01,9.973358e-01,5.500000e-01,5.503394e-01,-3.394443e-04,6.873663e-03,4.346578e-02
6.500000e+01,9.986738e-01,9.973493e-01,5.500000e-01,5.503377e-01,-3.377202e-04,6.838699e-03,4.349902e-02
6.510000e+01,9.986805e-01,9.973628e-01,5.500000e-01,5.503360e-01,-3.360048e-04,6.803912e-03,4.353209e-02
6.520000e+01,9.986872e-01,9.973762e-01,5.500000e-01,5.503343e-01,-3.342981e-04,6.769302e-03,4.356500e-02
6.530000e+01,9.986939e-01,9.973895e-01,5.500000e-01,5.503326e-01,-3.326001e-04,6.734869e-03,4.359773e-02
6.540000e+01,9.987006e-01,9.974028e-01,5.500000e-01,5.503309e-01,-3.309107e-04,6.700610e-03,4.363030e-02
6.550000e+01,9.987072e-01,9.974160e-01,5.500000e-01,5.503292e-01,-3.292298e-04,6.666526e-03,4.366270e-02
6.560000e+01,9.987137e-01,9.974291e-01,5.500000e-01,5.503276e-01,-3.275575e-04,6.632615e-03,4.369494e-02
6.570000e+01,9.987203e-01,9.974422e-01,5.500000e-01,5.503259e-01,-3.258937e-04,6.598877e-03,4.372702e-02
6.580000e+01,9.987268e-01,9.974552e-01,5.500000e-01,5.503242e-01,-3.242382e-04,6.565310e-03,4.375893e-02
6.590000e+01,9.987333e-01,9.974681e-01,5.500000e-01,5.503226e-01,-3.225912e-04,6.531914e-03,4.379068e-02
6.600000e+01,9.987397e-01,9.974810e-01,5.500000e-01,5.503210e-01,-3.209526e-04,6.498688e-03,4.382226e-02
6.610000e+01,9.987461e-01,9.974938e-01,5.500000e-01,5.503193e-01,-3.193222e-04,6.465630e-03,4.385369e-02
6.620000e+01,9.987525e-01,9.975066e-01,5.500000e-01,5.503177e-01,-3.177002e-04,6.432741e-03,4.388496e-02
6.630000e+01,9.987588e-01,9.975192e-01,5.500000e-01,5.503161e-01,-3.160863e-04,6.400019e-03,4.391607e-02
6.640000e+01,9.987652e-01,9.975319e-01,5.500000e-01,5.503145e-01,-3.144807e-04,6.367464e-03,4.394702e-02
6.650000e+01,9.987714e-01,9.975444e-01,5.500000e-01,5.503129e-01,-3.128831e-04,6.335074e-03,4.397781e-02
6.660000e+01,9.987777e-01,9.975569e-01,5.500000e-01,5.503113e-01,-3.112937e-04,6.302849e-03,4.400844e-02
6.670000e+01,9.987839e-01,9.975693e-01,5.500000e-01,5.503097e-01,-3.097124e-04,6.270788e-03,4.403892e-02
6.680000e+01,9.987901e-01,9.975817e-01,5.500000e-01,5.503081e-01,-3.081390e-04,6.238890e-03,4.406925e-02
6.690000e+01,9.987963e-01,9.975940e-01,5.500000e-01,5.503066e-01,-3.065737e-04,6.207154e-03,4.409942e-02
6.700000e+01,9.988024e-01,9.976062e-01,5.500000e-01,5.503050e-01,-3.050163e-04,6.175579e-03,4.412944e-02
6.710000e+01,9.988085e-01,9.976184e-01,5.500000e-01,5.503035e-01,-3.034668e-04,6.144165e-03,4.415930e-02
6.720000e+01,9.988145e-01,9.976305e-01,5.500000e-01,5.503019e-01,-3.019251e-04,6.112911e-03,4.418901e-02
6.730000e+01,9.988206e-01,9.976425e-01,5.500000e-01,5.503004e-01,-3.003913e-04,6.081816e-03,4.421858e-02
6.740000e+01,9.988266e-01,9.976545e-01,5.500000e-01,5.502989e-01,-2.988652e-04,6.050879e-03,4.424799e-02
6.750000e+01,9.988325e-01,9.976664e-01,5.500000e-01,5.502973e-01,-2.973469e-04,6.020099e-03,4.427725e-02
6.760000e+01,9.988385e-01,9.976783e-01,5.500000e-01,5.502958e-01,-2.958363e-04,5.989476e-03,4.430636e-02
6.770000e+01,9.988444e-01,9.976901e-01,5.500000e-01,5.502943e-01,-2.943334e-04,5.959009e-03,4.433532e-02
6.780000e+01,9.988503e-01,9.977018e-01,5.500000e-01,5.502928e-01,-2.928381e-04,5.928696e-03,4.436414e-02
6.790000e+01,9.988561e-01,9.977135e-01,5.500000e-01,5.502914e-01,-2.913503e-04,5.898538e-03,4.439281e-02
6.800000e+01,9.988619e-01,9.977251e-01,5.500000e-01,5.502899e-01,-2.898701e-04,5.868533e-03,4.442134e-02
6.810000e+01,9.988677e-01,9.977367e-01,5.500000e-01,5.502884e-01,-2.883975e-04,5.838681e-03,4.444972e-02
6.820000e+01,9.988735e-01,9.977482e-01,5.500000e-01,5.502869e-01,-2.869323e-04,5.808981e-03,4.447795e-02
6.830000e+01,9.988792e-01,9.977597e-01,5.500000e-01,5.502855e-01,-2.854745e-04,5.779431e-03,4.450604e-02
6.840000e+01,9.988849e-01,9.977710e-01,5.500000e-01,5.502840e-01,-2.840241e-04,5.750032e-03,4.453399e-02
6.850000e+01,9.988906e-01,9.977824e-01,5.500000e-01,5.502826e-01,-2.825811e-04,5.720783e-03,4.456180e-02
6.860000e+01,9.988962e-01,9.977937e-01,5.500000e-01,5.502811e-01,-2.811454e-04,5.691682e-03,4.458946e-02
6.870000e+01,9.989018e-01,9.978049e-01,5.500000e-01,5.502797e-01,-2.797170e-04,5.662729e-03,4.461699e-02
6.880000e+01,9.989074e-01,9.978160e-01,5.500000e-01,5.502783e-01,-2.782959e-04,5.633924e-03,4.464437e-02
6.890000e+01,9.989130e-01,9.978271e-01,5.500000e-01,5.502769e-01,-2.768819e-04,5.605265e-03,4.467162e-02
6.900000e+01,9.989185e-01,9.978382e-01,5.500000e-01,5.502755e-01,-2.754751e-04,5.576752e-03,4.469872e-02
6.910000e+01,9.989240e-01,9.978492e-01,5.500000e-01,5.502741e-01,-2.740755e-04,5.548384e-03,4.472569e-02
6.920000e+01,9.989295e-01,9.978601e-01,5.500000e-01,5.502727e-01,-2.726830e-04,5.520160e-03,4.475252e-02
6.930000e+01,9.989349e-01,9.978710e-01,5.500000e-01,5.502713e-01,-2.712975e-04,5.492080e-03,4.477922e-02
6.940000e+01,9.989403e-01,9.978818e-01,5.500000e-01,5.502699e-01,-2.699191e-04,5.464142e-03,4.480578e-02
6.950000e+01,9.989457e-01,9.978926e-01,5.500000e-01,5.502685e-01,-2.685476e-04,5.436347e-03,4.483220e-02
6.960000e+01,9.989511e-01,9.979033e-01,5.500000e-01,5.502672e-01,-2.671831e-04,5.408693e-03,4.485849e-02
6.970000e+01,9.989564e-01,9.979140e-01,5.500000e-01,5.502658e-01,-2.658256e-04,5.381179e-03,4.488465e-02
6.980000e+01,9.989617e-01,9.979246e-01,5.500000e-01,5.502645e-01,-2.644749e-04,5.353806e-03,4.491067e-02
6.990000e+01,9.989670e-01,9.979351e-01,5.500000e-01,5.502631e-01,-2.631311e-04,5.326572e-03,4.493656e-02
7.000000e+01,9.989723e-01,9.979456e-01,5.500000e-01,5.502618e-01,-2.617941e-04,5.299476e-03,4.496232e-02
7.010000e+01,9.989775e-01,9.979561e-01,5.500000e-01,5.502605e-01,-2.604639e-04,5.272518e-03,4.498795e-02
7.020000e+01,9.989827e-01,9.979664e-01,5.500000e-01,5.502591e-01,-2.591404e-04,5.245697e-03,4.501344e-02
7.030000e+01,9.989879e-01,9.979768e-01,5.500000e-01,5.502578e-01,-2.578237e-04,5.219013e-03,4.503881e-02
7.040000e+01,9.989930e-01,9.979871e-01,5.500000e-01,5.502565e-01,-2.565136e-04,5.192464e-03,4.506405e-02
7.050000e+01,9.989982e-01,9.979973e-01,5.500000e-01,5.502552e-01,-2.552102e-04,5.166051e-03,4.508916e-02
7.060000e+01,9.990032e-01,9.980075e-01,5.500000e-01,5.502539e-01,-2.539134e-04,5.139772e-03,4.511414e-02
7.070000e+01,9.990083e-01,9.980176e-01,5.500000e-01,5.502526e-01,-2.526232e-04,5.113626e-03,4.513900e-02
7.080000e+01,9.990134e-01,9.980277e-01,5.500000e-01,5.502513e-01,-2.513395e-04,5.087614e-03,4.516373e-02
7.090000e+01,9.990184e-01,9.980377e-01,5.500000e-01,5.502501e-01,-2.500623e-04,5.061733e-03,4.518833e-02
7.100000e+01,9.990234e-01,9.980477e-01,5.500000e-01,5.502488e-01,-2.487917e-04,5.035985e-03,4.521281e-02
7.110000e+01,9.990283e-01,9.980576e-01,5.500000e-01,5.502475e-01,-2.475274e-04,5.010367e-03,4.523716e-02
7.120000e+01,9.990333e-01,9.980675e-01,5.500000e-01,5.502463e-01,-2.462696e-04,4.984880e-03,4.526139e-02
7.130000e+01,9.990382e-01,9.980773e-01,5.500000e-01,5.502450e-01,-2.450182e-04,4.959522e-03,4.528550e-02
7.140000e+01,9.990431e-01,9.980871e-01,5.500000e-01,5.502438e-01,-2.437731e-04,4.934293e-03,4.530948e-02
7.150000e+01,9.990480e-01,9.980968e-01,5.500000e-01,5.502425e-01,-2.425344e-04,4.909193e-03,4.533334e-02
7.160000e+01,9.990528e-01,9.981065e-01,5.500000e-01,5.502413e-01,-2.413019e-04,4.884220e-03,4.535708e-02
7.170000e+01,9.990576e-01,9.981161e-01,5.500000e-01,5.502401e-01,-2.400757e-04,4.859374e-03,4.538070e-02
7.180000e+01,9.990624e-01,9.981257e-01,5.500000e-01,5.502389e-01,-2.388557e-04,4.834655e-03,4.540420e-02
7.190000e+01,9.990672e-01,9.981353e-01,5.500000e-01,5.502376e-01,-2.376419e-04,4.810061e-03,4.542758e-02
7.200000e+01,9.990719e-01,9.981447e-01,5.500000e-01,5.502364e-01,-2.364343e-04,4.785593e-03,4.545084e-02
7.210000e+01,9.990767e-01,9.981542e-01,5.500000e-01,5.502352e-01,-2.352328e-04,4.761249e-03,4.547398e-02
7.220000e+01,9.990814e-01,9.981636e-01,5.500000e-01,5.502340e-01,-2.340374e-04,4.737029e-03,4.549701e-02
7.230000e+01,9.990860e-01,9.981729e-01,5.500000e-01,5.502328e-01,-2.328481e-04,4.712932e-03,4.551992e-02
7.240000e+01,9.990907e-01,9.981822e-01,5.500000e-01,5.502317e-01,-2.316648e-04,4.688957e-03,4.554271e-02
7.250000e+01,9.990953e-01,9.981914e-01,5.500000e-01,5.502305e-01,-2.304875e-04,4.665105e-03,4.556538e-02
7.260000e+01,9.990999e-01,9.982006e-01,5.500000e-01,5.502293e-01,-2.293162e-04,4.641373e-03,4.558794e-02
7.270000e+01,9.991045e-01,9.982098e-01,5.500000e-01,5.502282e-01,-2.281508e-04,4.617763e-03,4.561039e-02
7.280000e+01,9.991090e-01,9.982189e-01,5.500000e-01,5.502270e-01,-2.269914e-04,4.594273e-03,4.563272e-02
7.290000e+01,9.991136e-01,9.982279e-01,5.500000e-01,5.502258e-01,-2.258378e-04,4.570902e-03,4.565494e-02
7.300000e+01,9.991181e-01,9.982369e-01,5.500000e-01,5.502247e-01,-2.246901e-04,4.547650e-03,4.567704e-02
7.310000e+01,9.991226e-01,9.982459e-01,5.500000e-01,5.502235e-01,-2.235482e-04,4.524516e-03,4.569903e-02
7.320000e+01,9.991270e-01,9.982548e-01,5.500000e-01,5.502224e-01,-2.224121e-04,4.501500e-03,4.572091e-02
7.330000e+01,9.991315e-01,9.982637e-01,5.500000e-01,5.502213e-01,-2.212818e-04,4.478601e-03,4.574268e-02
7.340000e+01,9.991359e-01,9.982725e-01,5.500000e-01,5.502202e-01,-2.201572e-04,4.455818e-03,4.576434e-02
7.350000e+01,9.991403e-01,9.982813e-01,5.500000e-01,5.502190e-01,-2.190383e-04,4.433151e-03,4.578589e-02
7.360000e+01,9.991447e-01,9.982900e-01,5.500000e-01,5.502179e-01,-2.179251e-04,4.410600e-03,4.580733e-02
7.370000e+01,9.991490e-01,9.982987e-01,5.500000e-01,5.502168e-01,-2.168176e-04,4.388163e-03,4.582865e-02
7.380000e+01,9.991533e-01,9.983074e-01,5.500000e-01,5.502157e-01,-2.157157e-04,4.365841e-03,4.584987e-02
7.390000e+01,9.991576e-01,9.983160e-01,5.500000e-01,5.502146e-01,-2.146194e-04,4.343632e-03,4.587099e-02
7.400000e+01,9.991619e-01,9.983246e-01,5.500000e-01,5.502135e-01,-2.135286e-04,4.321536e-03,4.589199e-02
7.410000e+01,9.991662e-01,9.983331e-01,5.500000e-01,5.502124e-01,-2.124434e-04,4.299552e-03,4.591289e-02
7.420000e+01,9.991704e-01,9.983416e-01,5.500000e-01,5.502114e-01,-2.113637e-04,4.277680e-03,4.593368e-02
7.430000e+01,9.991747e-01,9.983500e-01,5.500000e-01,5.502103e-01,-2.102895e-04,4.255920e-03,4.595437e-02
7.440000e+01,9.991789e-01,9.983584e-01,5.500000e-01,5.502092e-01,-2.092207e-04,4.234270e-03,4.597495e-02
7.450000e+01,9.991830e-01,9.983667e-01,5.500000e-01,5.502082e-01,-2.081573e-04,4.212730e-03,4.599543e-02
7.460000e+01,9.991872e-01,9.983750e-01,5.500000e-01,5.502071e-01,-2.070994e-04,4.191300e-03,4.601580e-02
7.470000e+01,9.991913e-01,9.983833e-01,5.500000e-01,5.502060e-01,-2.060468e-04,4.169979e-03,4.603607e-02
7.480000e+01,9.991954e-01,9.983915e-01,5.500000e-01,5.502050e-01,-2.049996e-04,4.148766e-03,4.605623e-02
7.490000e+01,9.991995e-01,9.983997e-01,5.500000e-01,5.502040e-01,-2.039577e-04,4.127661e-03,4.607630e-02
7.500000e+01,9.992036e-01,9.984078e-01,5.500000e-01,5.502029e-01,-2.029210e-04,4.106664e-03,4.609626e-02
7.510000e+01,9.992077e-01,9.984159e-01,5.500000e-01,5.502019e-01,-2.018897e-04,4.085773e-03,4.611612e-02
7.520000e+01,9.992117e-01,9.984240e-01,5.500000e-01,5.502009e-01,-2.008636e-04,4.064989e-03,4.613588e-02
7.530000e+01,9.992157e-01,9.984320e-01,5.500000e-01,5.501998e-01,-1.998427e-04,4.044310e-03,4.615553e-02
7.540000e+01,9.992197e-01,9.984400e-01,5.500000e-01,5.501988e-01,-1.988269e-04,4.023736e-03,4.617509e-02
7.550000e+01,9.992237e-01,9.984479e-01,5.500000e-01,5.501978e-01,-1.978164e-04,4.003267e-03,4.619455e-02
7.560000e+01,9.992276e-01,9.984558e-01,5.500000e-01,5.501968e-01,-1.968109e-04,3.982903e-03,4.621391e-02
7.570000e+01,9.992315e-01,9.984636e-01,5.500000e-01,5.501958e-01,-1.958106e-04,3.962642e-03,4.623317e-02
7.580000e+01,9.992354e-01,9.984715e-01,5.500000e-01,5.501948e-01,-1.948153e-04,3.942483e-03,4.625233e-02
7.590000e+01,9.992393e-01,9.984792e-01,5.500000e-01,5.501938e-01,-1.938251e-04,3.922428e-03,4.627140e-02
7.600000e+01,9.992432e-01,9.984870e-01,5.500000e-01,5.501928e-01,-1.928400e-04,3.902474e-03,4.629037e-02
7.610000e+01,9.992470e-01,9.984947e-01,5.500000e-01,5.501919e-01,-1.918598e-04,3.882622e-03,4.630924e-02
7.620000e+01,9.992509e-01,9.985023e-01,5.500000e-01,5.501909e-01,-1.908846e-04,3.862871e-03,4.632801e-02
7.630000e+01,9.992547e-01,9.985099e-01,5.500000e-01,5.501899e-01,-1.899144e-04,3.843221e-03,4.634669e-02
7.640000e+01,9.992585e-01,9.985175e-01,5.500000e-01,5.501889e-01,-1.889490e-04,3.823670e-03,4.636528e-02
7.650000e+01,9.992623e-01,9.985250e-01,5.500000e-01,5.501880e-01,-1.879886e-04,3.804219e-03,4.638377e-02
7.660000e+01,9.992660e-01,9.985325e-01,5.500000e-01,5.501870e-01,-1.870331e-04,3.784866e-03,4.640217e-02
7.670000e+01,9.992697e-01,9.985400e-01,5.500000e-01,5.501861e-01,-1.860824e-04,3.765613e-03,4.642047e-02
7.680000e+01,9.992735e-01,9.985474e-01,5.500000e-01,5.501851e-01,-1.851366e-04,3.746457e-03,4.643868e-02
7.690000e+01,9.992772e-01,9.985548e-01,5.500000e-01,5.501842e-01,-1.841955e-04,3.727398e-03,4.645680e-02
7.700000e+01,9.992808e-01,9.985622e-01,5.500000e-01,5.501833e-01,-1.832593e-04,3.708437e-03,4.647482e-02
7.710000e+01,9.992845e-01,9.985695e-01,5.500000e-01,5.501823e-01,-1.823277e-04,3.689572e-03,4.649276e-02
7.720000e+01,9.992881e-01,9.985768e-01,5.500000e-01,5.501814e-01,-1.814010e-04,3.670803e-03,4.651060e-02
7.730000e+01,9.992917e-01,9.985840e-01,5.500000e-01,5.501805e-01,-1.804789e-04,3.652129e-03,4.652835e-02
7.740000e+01,9.992954e-01,9.985912e-01,5.500000e-01,5.501796e-01,-1.795615e-04,3.633550e-03,4.654601e-02
7.750000e+01,9.992989e-01,9.985984e-01,5.500000e-01,5.501786e-01,-1.786487e-04,3.615066e-03,4.656358e-02
7.760000e+01,9.993025e-01,9.986055e-01,5.500000e-01,5.501777e-01,-1.777406e-04,3.596676e-03,4.658106e-02
7.770000e+01,9.993060e-01,9.986126e-01,5.500000e-01,5.501768e-01,-1.768372e-04,3.578380e-03,4.659846e-02
7.780000e+01,9.993096e-01,9.986196e-01,5.500000e-01,5.501759e-01,-1.759383e-04,3.560176e-03,4.661576e-02
7.790000e+01,9.993131e-01,9.986267e-01,5.500000e-01,5.501750e-01,-1.750439e-04,3.542065e-03,4.663298e-02
7.800000e+01,9.993166e-01,9.986336e-01,5.500000e-01,5.501742e-01,-1.741541e-04,3.524046e-03,4.665011e-02
7.810000e+01,9.993201e-01,9.986406e-01,5.500000e-01,5.501733e-01,-1.732689e-04,3.506119e-03,4.666715e-02
7.820000e+01,9.993235e-01,9.986475e-01,5.500000e-01,5.501724e-01,-1.723881e-04,3.488283e-03,4.668410e-02
7.830000e+01,9.993270e-01,9.986544e-01,5.500000e-01,5.501715e-01,-1.715118e-04,3.470538e-03,4.670097e-02
7.840000e+01,9.993304e-01,9.986612e-01,5.500000e-01,5.501706e-01,-1.706399e-04,3.452883e-03,4.671776e-02
7.850000e+01,9.993338e-01,9.986680e-01,5.500000e-01,5.501698e-01,-1.697725e-04,3.435318e-03,4.673445e-02
7.860000e+01,9.993372e-01,9.986748e-01,5.500000e-01,5.501689e-01,-1.689095e-04,3.417842e-03,4.675107e-02
7.870000e+01,9.993406e-01,9.986815e-01,5.500000e-01,5.501681e-01,-1.680509e-04,3.400455e-03,4.676760e-02
7.880000e+01,9.993439e-01,9.986882e-01,5.500000e-01,5.501672e-01,-1.671966e-04,3.383157e-03,4.678404e-02
7.890000e+01,9.993472e-01,9.986949e-01,5.500000e-01,5.501663e-01,-1.663467e-04,3.365946e-03,4.680040e-02
7.900000e+01,9.993506e-01,9.987016e-01,5.500000e-01,5.501655e-01,-1.655011e-04,3.348823e-03,4.681668e-02
7.910000e+01,9.993539e-01,9.987082e-01,5.500000e-01,5.501647e-01,-1.646597e-04,3.331788e-03,4.683287e-02
7.920000e+01,9.993572e-01,9.987147e-01,5.500000e-01,5.501638e-01,-1.638227e-04,3.314839e-03,4.684898e-02
7.930000e+01,9.993604e-01,9.987213e-01,5.500000e-01,5.501630e-01,-1.629899e-04,3.297976e-03,4.686501e-02
7.940000e+01,9.993637e-01,9.987278e-01,5.500000e-01,5.501622e-01,-1.621613e-04,3.281198e-03,4.688096e-02
7.950000e+01,9.993669e-01,9.987342e-01,5.500000e-01,5.501613e-01,-1.613370e-04,3.264507e-03,4.689683e-02
7.960000e+01,9.993701e-01,9.987407e-01,5.500000e-01,5.501605e-01,-1.605168e-04,3.247900e-03,4.691262e-02
7.970000e+01,9.993733e-01,9.987471e-01,5.500000e-01,5.501597e-01,-1.597008e-04,3.231377e-03,4.692832e-02
7.980000e+01,9.993765e-01,9.987535e-01,5.500000e-01,5.501589e-01,-1.588889e-04,3.214939e-03,4.694395e-02
7.990000e+01,9.993797e-01,9.987598e-01,5.500000e-01,5.501581e-01,-1.580812e-04,3.198584e-03,4.695950e-02
8.000000e+01,9.993829e-01,9.987661e-01,5.500000e-01,5.501573e-01,-1.572776e-04,3.182312e-03,4.697497e-02
